Authors,Year,Title 
"Aarvik, L., S.A. Bakke, Y. Berg, K. Berggren, L.O. Hansen, K. Myhr, and S. Svendsen",1997,Contribution to the knowledge of the Norwegian Lepidoptera 5. Fauna norv. Ser. B 44: 55–70.
"Aarvik, L., O. Karsholt, K. Larsen, and K. Schnack",1988,New and interesting records of Lepidoptera from Norway. Fauna norv. Ser. B 33: 77–90.
"Adamski, D., J.L. Apple, and J.G. Bishop",2009,A New Filatima Busck (Lepidoptera: Gelechiidae) Associated with Lupine and Early Herbivore Colonization on Mount St. Helens. Proc. Entomol. Soc. Wash. 111(2): 293–304.
"Amsel, H.G.",1949,On the Microlepidoptera collected by E.P. Wiltshire in Irak and Iran in the years 1935 to 1938. Bull. Soc. Fonad I. Ent. 33: 271–351.
"Amsel, H.G.",1967,Die Afghanischen Arten des Anarsia–Komplexes. Zugleich eine Revision der sonstigen palaarktischen Arten. Beitr. Naturk. Forsch. SW–Deutschl. 26(3): 17–31.
"Amsel, H.G.",1977,Vier neue Kleinschmetterlingsarten aus Iran (Lepidoptera). Beiträge zur Naturkundlichen. Forschung in Südwestdeutsch–land 36: 227–236.
"Baker, W.L.",1972,"Gelechiidae, pp. 390–395. In Baker, W.L. (ed.), Eastern Forest Insects. U.S. Department of Agriculture¬∑Forest Service. Washington D.C."
"Baran, T.",1997,Nowe stanowiska kilku rzadkich gatunków Microlepidoptera w Polsce (New records of some rare species of Microlepidoptera from Poland). Wiad. Entomol. 16(1): 55.
"Barrett, R.E.",1932,Notes on a new potato pest. J. Econ. Ent. (Lanham) 25: 134.
"Becker, V.",1984,"Gelechiidae, pp. 44–53. In Heppner, J.B. (ed.), Checklist Part 1 Micropterigoidea–Immoidea. Atlas of Neotropical Lepidoptera 2: I–xxvii, 1–112."
"Benander, P. ",1924,Zur Biologie einiger Kleinschmetterlinge. Entomol. Tidskr. 45(4): 123–145.
"Benander, P. ",1928,"Svensk Insektfauna, 10. Lepidoptera. 2. Microlepidoptera I. Familjen Gelechiidae. 97 pp. Stockholm."
"Benander, P. ",1929,Zur Biologie einiger Kleinschmetterlinge III. Entomol. Tidskr. 50(2): 123–145.
"Benander, P. ",1965,Notes on Larvae of Swedish Microl–Lepidoptera II. Opusc. Ent. 30(1–2): 1–23.
"Bengtsson, B.A., F. Krampl, J. Liska, J. Patocka, and M. Turcani",1991,Faunistic records from Czechoslovakia. Lepidoptera. Acta Entomol. Bohemoslov. 88: 75–79.
"Bidzilya, A.V.",1995,[New and Little–Known Species of the Microlepidoptera of the Fauna of Ukraine]. J. Ukr. ent. Soc. 2(1) (1994): 35–38 [In Russian].
"Bidzilya, A.V.",1996,"[New Taxa of Gelechiid–Moths (Lepidoptera, Gelechiidae) of the genus Syncopacma Meyr.] J. Ukr. ent. Soc. 2(3–4) (1994): 17–21 [In Russian]."
"Bidzilya, O. ",2005,"A review of the genus Athrips (Lepidoptera, Gelechiidae) in Palaearctic region. – Mitt. Mus. Nat. kd. Berl., Dtsch. entomol. Z. 52(1): 3–72."
"Bland, K.P., M.F.V. Corley, A.M. Emmet, R.J. Heckford, P. Huemer, J.R. Langmaid, S.M. Palmer, M.S. Parsons, L.M. Pitkin, T. Rutten, K. Sattler, A.N.B. Simpson, and P.H. Sterling",2002,"The Moths and Butterflies of Great Britain and Ireland vol. 4 (part 2) Gelechiidae. 277 pp. Harkey Books, England."
"Bleszynski, S., J. Razowski, R. Zukowski",1965,Fauna motyli Pienin (The Lepidopterous fauna of the Pieniny Mountains). Acta zool. Cracov. 10(5): 375–493.
"Bradford, E.S.",1979,"Gelechiidae. In A.M. Emmet (ed.), A Field Guide to the Smaller British Lepidoptera 115–132. London. Brit. Ent. and Nat. Hist. Soc."
"Bradford, E.S. and P.A. Sokoloff",1988,"Gelechiidae, pp. 123–141. In Emmet, A.M. (Ed.), A field guide to the smaller British Lepidoptera (Edn 2). 288 pp. London."
"Bradley, J.D.",1981,Anarsia achrasella sp. n. (Lepidoptera: Gelechiidae) on Sapodilla (Achras zapota) in northern India and Pakistan. Bull. ent. Res. 71: 617–619.
"Bradley, J.D.",2000,"Log book of British Lepidoptera, iv, 108 pp. Fordingbridge."
"Bradley, J.D., D.S. Fletcher, and P.E.S. Whalley",1972,"Order XXIV: Lepidoptera. In G.S. Kloet and W.D. Hincks (eds), A check list pf British insects (2nd edn.). Handbk Ident. Br. Insects 11(2): I–viii. 1–153."
"Braun, A.F.",1924,The Chambers specimens of Tineina in the collection of the American Entomological Society. Trans. Amer. Ent. Soc. 49: 347–358.
"Braun, A.",1929,New microlepidoptera from Alberta and Manitoba. Can. Ent. (Ottawa) 58: 46–50.
"Budashkin, Yu.I. and I. Yu. Kostjuk",1994,"On the Fauna of the Microlepidoptera of Transbaikalia. In Nekrutenko, Yu. P. (ed.), Cheshuekrylye Zabaikal’ya. [The Lepidoptera of Transbaikalia]. Trudy zapovednika “Daurskii” 2: 5–30 [In Russian]."
"Budashkin, Yu.P. and V.I. Pisknov",1990,"New for the USSR Fauna species of Gelechiid Moths (Lepidoptera, Gelechiidae) from the Eastern Crimea. In Faun. Syst. News, Kiev, 1990: 80–84. [In Russisch]."
"Buhl, O., P. Falck, O. Karsholt, K. Larsen, and K. Schnack",1989,Fund af smasommerfugle fra Danmark i 1987 (Lepidoptera). Ent. Meddr. 57: 123–135.
"Buhl, O., P. Falck, B. Jorgensen, O. Karsholt, K. Larsen, and K. Schnack",1991,Fund af smasommerfugle fra Danmark i 1989 (Lepidoptera). Ent. Meddr. 59: 29–40.
"Buhl, O., P. Falck, B. Jorgensen, O. Karsholt, K. Larsen, and K. Schnack",1992,Fund af smasommerfugle fra Danmark i 1990 (Lepidoptera). Ent. Meddr. 60: 1–12.
"Buhl, O., P. Falck, B. Jorgensen, O. Karsholt, K. Larsen, and F. Vilhelmsen",1996,Fund af smasommerfugle fra Danmark i 1995 (Lepidoptera). Ent. Meddr. 64: 277–287.
"Buhl, O., P. Falck, B. Jorgensen, O. Karsholt, K. Larsen, and F. Vilhelmsen",1997,Fund af smasommerfugle fra Danmark i 1996 (Lepidoptera). Ent. Meddr. 65: 149–158.
"Burmann, K.",1977,"Gelechiiden aus Gebirgslagen Nordtirols (Osterreich) (Insecta: Lepidoptera, Gelechiidae). Ber. Naturw. –mef. Ver. Innsbruck 64: 133–146."
"Busck, A.",1903,"A review of the American moths of the family Gelechiidae, with descriptions of new species. Proc. U.S. Natl. Mus. (Washington) 25: 767–938."
"Busck, A.",1910,New microlepidoptera from New Mexico and California and a synoptic table of North American species of Heliodines Stainton. Proc. Ent. Soc. Washington 11: 175–188.
"Busck, A.",1911,"On the gall–making moths on Solidago and Aster, with description of two new species. Can. Ent. (Ottawa) 43: 4–6."
"Busck, A.",1915,Descriptions of new North American microlepidoptera. Proc. Ent. Soc. Washington 17: 79–94.
"Busck, A.",1916,Descriptions of new North American microlepidoptera.Proc. Ent. Soc. Washington 18: 147–154.
"Busck, A.",1928,"Phthorimaea lycopersicella, new species (Family Gelechiidae), a leaf feeder on tomato (Lep.). Proc. Hawaiian Ent. Soc. (Honolulu) 7: 171–174."
"Busck, A.",1931,Two new Peruvian microlepidoptera of economic importance (Gelechiidae and Oecophoridae). Proc. Ent. Soc. Washington 33: 59–63.
"Busck, A.",1939,"Restriction of the genus Gelechia (Lepidoptera: Gelechiidae), with descriptions of new genera. Proc. U.S. Natl. Mus. (Washington) 86: 563–593."
"Buszko, J.",1990,Studies on the mining Lepidoptera of Poland. X. Mining Lepidoptera of Torun and surrounding areas. Acta zool. cracov. 33: 367–452.
"Buszko, J.",1993,Studies on the mining Lepidoptera of Poland. XIV. Mining Lepidoptera of the Ojcow National Park. Wiad. entomol. 12(3): 201–214.
"Buszko, J., J. Junnilainen, J.–P. Kaitila, J. Nowacki, K. Nupponen, and K. Palka",1996,Nowe I rzadko spotykane w Polsce motyle (Lepidoptera) stwierdzone w poludniowowschodniej czesci kraju (New and rare to the Polish fauna species of Lepidoptera recorded in south–eastern Poland). Wiad. Entomol. 15(2): 105–115.
"Campbell, R.E. and J.C. Elmore",1931,Damage to tomatoes in southern California by the tomato pin worm and potato tuber moth. Calif. Dept. Agric. Mon. Bull. (Sacramento) 20: 458–460.
"CƒÉpuse, I.",1964,Über drei Arten palaarktischen Gelechiidae: Carpatolechia dunctrescui n. g. und Mirificarma formosella (Hb.) n. comb. (Lepidoptera: Gelechiidae). Entomol. Ts. Arg. 85(1–2): 12–19.
"Caradja, A.",1920,Beitrag zur Kenntnis der geographischen Verbreitung der Mikrolepidoperen des palaearktischen Faunengebietes nebst Beeschreibung neuer Formen. Deutsche Entomologische Zeitschrift Iris: 94–142.
"Caradja, A. and E. Meyrick",1935,"Materialien zu einer microlepidoptera–fauna der chinesischen Provinzen Kiangsu. Checking und Hunan, Bucharest. 96 pp."
"Chambers, V.T.",1875,Tineina of the United States. Cincinnati Qtr. J. Sco. 2: 226–259.
"Chretien, P. ",1899,Description d’un nouveau genre et d’une nouvelle espèce de Microlépidoptère. Bull. Soc. Ent. Fr. 1899: 206.
"Chretien, P. ",1900,Les Coleophora du Dorycnium. Naturaliste 1900: 68–70.
"Chretien, P. ",1901,Description d’une nouvelle espèce de Teleia [Microlep.]. Bull. Soc. Ent. Fr. 1901: 10–12.
"Christoph, H.",1882,Neue Lepidopteren des Amurgebietes. Bull. Soc. Imp. Nat. Moscou 57(2): 5–47.
"Clarke, J.F.G.",1932,New microlepidoptera from the Pacific Coast (Gelechiidae). Can. Ent. (Ottawa) 64: 63–69.
"Clarke, J.F.G.",1934,Notes and new species of microlepidoptera from Washington State. Can. Ent. (Ottawa) 66: 171–181.
"Clarke, J.F.G.",1942,Notes and new species of microlepidoptera from Washington state. Proc. U.S. Natl. Mus. (Washington) 92: 267–276.
"Clarke, J.F.G.",1954,"Eustalodes anthivora (Gelechiidae, Lepidoptera), a new pest of Achras sapota in the Philippines. The Philippine Agriculturist 37(8): 450–454."
"Clarke, J.F.G.",1955,Catalogue of the type specimens of microlepidoptera in the British Mus. (Natural History) described by Edward Meyrick. Vol. I. 332 pages. London: Trustees of the British Museum (Natural History).
"Clarke, J.F.G.",1958,A new genus and two new species of Microlepidoptera from Japan (Gelechiidae). Entomological News 69(1): 1–5.
"Clarke, J.F.G.",1967,Catalogue of the type specimens of microlepidoptera in the British Mus. (Natural History) described by Edward Meyrick. Vol. VI. 537 pages. London: Trustees of the British Museum (Natural History).
"Clarke, J.F.G.",1969,Catalogue of the type specimens of microlepidoptera in the British Mus. (Natural History) described by Edward Meyrick. Vol. VII. 531 pages. London: Trustees of the British Museum (Natural History).
"Common, I.F.B.",1990,Moths of Australia. vi + 585 pp. Victoria: Melbourne University Press.
"Common, I.F.B.",1967,Microlepidoptera of the Philippine Islands. Bull. U.S. Nat. Mus. 257: 1–484.
"Constant, A. ",1890,"Descriptions de Microlépidoptères ou peu connus. Annls. Soc. ent. Fr. 69: 5–16, pl. 1."
"Cooper, W.S. ",1967,"Coastal dunesof California. Mem. Geol. Soc. Amer. (Washington) 104: 1–131, 15 pl."
"Danilevsky, A.S.",1955,"New species of Lepidoptera, Microheterocera, injurious to trees and shrubs in Central Asia. Ent. Obozr. 34: 108–123 [In Russian]."
"De Benedictis, J.A., D.L. Wagner, and J.B. Whitfield",1990,"Larval hosts of microlepidoptera of the San Bruno Mountains, California. Atala (Seattle) 16: 14–35."
"Disque, H.",1901,Verzeichnis der in der Umgegend von Speyer vorkommenden Kleinschmetterlinge. Dt. Ent. Z. Iris 14: 149–176.
"Disque, H.",1908,Versuch einer microlepidopterologischen Botanik. Dt. Ent. Z. Iris 21: 34–147.
"Dostal, J.",1989,"Nova kvetena CSSR 1, 2. Academia Praha, 1548 pp."
"Eckstein, K. ",1933,Die Schmetterlinge Deutschlands. Bd. 5. Die Kleinschmetterlinge Deutschlands. Stuttgart: Lutz Verlag. 223 pp.
"Edwards, E.D.",1996,"Gelechiidae. In Nielsen, E.S. et al. (eds.), Monographs on Australian Lepidoptera. Checklist of the Lepidoptera of Australia. Canberra 4: 107–114."
"Elsner, G.",1996,"A new West–Palaearctic genus and species, externally similar to Stenolechia gemmella, with taxonomical notes on related genera (Lepidoptera, Gelechiidae). Klapalekiana, 31(1995): 73–90."
"Elsner, G. and V. Elsner",1985,Faunistic records from Czechoslovakia. Lepidoptera. Acta Entomol. Bohemoslov. 82: 395–397.
"Elsner, G. and V. Elsner",1989,Faunistic records from Czechoslovakia. Lepidoptera. Acta Entomol. Bohemoslov. 86: 77.
"Elsner, V., A. Gottwald, M. Janovsky, F. Kopecke, A. Lastuvka, J. Marek, and T. Dufek",1998,"Motyli jihovychodni Moravy 5. dil (The Lepidoptera of Southeastern Moravia 5th part). Sbornik Prirodovedneho klubu v Uherskem Hradisti 5(suppl.), 86 pp."
"Elsner, G., P. Huemer, and Z. Tokar",1999,"Die Palpenmotten (Lepidoptera, Gelechiidae) Mitteleuropas. 208 pp., 113 pls (28 col.). Bratislava."
"Elsner, G., J. Jaros, and K. Spitzer",1988,Faunistic records from Czechoslovakia. Lepidoptera. Acta Entomol. Bohemoslov. 85: 73.
"Elsner, G., F. Krampl, I. Novak, and K. Spitzer",1981,"K poznani Microlepidopter Sumavskych raselinist (Microlepidoptera of the Sumava Mountains peat bogs). Sbor. Jihoces. Muz. v. Ces. Budejovicich, Prir. Vedy 21: 73–88."
"Elsner, V., J. Liska, and Z. Lastuvka",1996,Faunistic records from the Czech Republic – 42. Lepidoptera. Klapalekiana 32: 131–133.
"Emelyanov, I.M. and V.I. Piskunov",1982,"[New data on the fauna of the gelechiid and anarsiid moths (Lepidoptera: Gelechiidae, Anarsiidae) of Mongolia, the USSR and North China]. In Nasekomye Mongolii Insects of Mongolia, Leningrad 8: 366–407 [In Russian]."
"Emmet, A.M.",1988,Teleiodes wagae (Nowicki) (Lepidoptera: Gelechiidae) on Betula. Entomologist‚Äôs Gaz. 39: 76.
"Englert, W.D.",1974,"Revision der Gattung Metzneria Zeller (Lepidoptera, Gelechiide) mit Beitragen zur Biologie der Arten. Z. angew. Ent. 75: 381–421."
"Escherich, K.",1931,"Die Forstinsekten Mitteleuropas. 3, xi + 825 pp. Berlin."
"Fischer von Rolerstamm, J.E. ",1834–41,"Abbildungen zur Berichtigung und Erganzung der Schmetterlingskunde, besonders der Microlepidopterologie, als Supplement zu Treitschke‚Äôs und Hubner‚Äôs europaischen Schmetterlingen, mit erlauterndem Text. 304 pp."
"Fletcher, T.B.",1932,"Life histories of Indian microlepidoptera (second series) Alucitidae (Pterophoridae), Tortricina and Gelechiidae). Imperial Council of Agr. Res. Sci. Monograph 2: 1–58."
"Ford, L.T.",1949,A Guide to the Smaller British Lepidoptera. London. So. London Ent. and Nat. Hist. Soc. 230 pp.
"Freeman, T.N.",1957,Two new species of the genus Recurvaria haw. (Lepidoptera: Gelechiidae). Pan–Pacific Ent. 33(1): 9–13.
"Freeman, T.N.",1960,"Needle mining Lepidoptera of pine in North America. Can Ent. Suppl. 16, 51 pp."
"Freeman, T.N.",1962,A new species of Eucordylea from Spruce (Lepidoptera: Gelechiidae). Can. Ent. 94(10): 1029–1031.
"Freeman, T.N.",1963,Two new species of coniferous needle miners from Louisiana and the description of a new genus (Lepidoptera: Gelechiidae). Can. Ent. 95(7): 727–730.
"Freeman, T.N.",1965,New Canadian species of leaf–mining Lepidoptera of conifers. J. Res. Lep. 4(3): 209–220.
"Freeman, T.N.",1967,A new Nearctic species of Exoteleia Wallengren (Gelechiidae) on pine. J. Lepid. Soc. 21(1): 9–11.
"Furniss, R.L. and V.M. Carolin",1977,"Gelechiidae, pp. 175–180. In Furniss, R.L. and V.M. Carolin (ed.), Western Forest Insects. Miscellaneous publication No. 1339. U.S. Department of Agriculture·Forest Service. Washington D.C."
"Gaede, M.",1937,"Gelechiidae. In Bryk, F. Lepidopterum Catalogus 79: 1–630."
"Gastón, J. and P. Huemer",2022,"Metzneria leae Gastón & Huemer, sp. n., a new species from Spain (Lepidoptera: Gelechiidae)"
"Gastón, J. and A. Vives Moreno",2020,"Contribución al conocimiento de los Lepidoptera de España con la descripción de cuatro nuevas especies para nuestra fauna y otras citas de interés (Insecta: Lepidoptera). SHILAP Revista de lepidopterología 2020,  48(190): 307–324."
"Gastón, J., R. Macià, J. Ylla, and J. Bau",2022,"Análisis del complejo Dichomeris rasilella(Herrich–Schäffer, 1854) y descripciónde una nueva especie para España(Lepidoptera: Gelechiidae). SHILAP Revista de lepidopterología 50(198): 277–288."
"Gerasimov, A.",1929,"Drei neue Arten von Mikrolepidopteren aus der Ukraina. Ann. Mus. Zool. Ac. Sc. URSS 30: 35–38, 2 Taf."
"Goeden, R.D. and D.W. Ricker",1975,"The Phytophagous Insect Fauna of the Ragweed, Ambrosia confertiflora , in Southern California. Environmental Entomology (Lanham) 4: 301–306."
"Goeden, R.D. and D.W. Ricker",1976,"The Phytophagous Insect Fauna of the Ragweed, Ambrosia psilostachya , in Southern California. Environmental Entomology (Lanham) 5: 1169–1177."
"Gozmany, L.A.",1954,Studies on Microlepidoptera. Annales Historico–Naturales Musei Nationalis Hungarici 5: 273–285.
"Gozmany, L.A.",1957,"Notes on the generic group Symmoca Hbn. (Lep. Gelechiidae). Annales Historico–Naturales, Musei Nationalis Hungarici3 (1–2): 107–135."
"Gozmany, L.A.",1958,Microlepidoptera IV. Fauna Hung. 40: 1–295.
"Gyen, W. van.",1913,Descriptions of Chili microlepidoptera. Bol. Mus. Nacional (Santiago) 5: 338–340.
"Hartmann, A. ",1880,"Die Kleinschmetterlinge des europaischen Faunengebietes. Erscheinungszeit der Raupen und Falter, Nahrung und biologische Notizen. Mitt. Munch. Ent. Ver. 4: 1–122."
"Hartig, F.",1964,Microlepidotteri dellaVenezia Tridentina e delle regioni adiacenti. Parte III. (Fam. Gelechiidae–Micropterygidae). Studi trent. Sci. nat. 41(3–4): 1–292.
"Hauder, F.",1912,"Beitrag zur Mikrolepidopteren–Fauna Oberosterreichs. Linz, 321 pp."
"Heckford, R.J.",1991,"The female genitalia of Syncopacma vinella (Bankes) and S. albipalpella (Herrich–Schaffer) (Lepidoptera: Gelechiidae), two species confused by Pierce & Metcalfe. Ent. Gaz. 42: 227–230."
"Heinemann, H.",1870,Die Schmetterlinge Deutschlands und der Schweiz. 2. Abteilung Kleinschmetterlinge. 2. Die Motten und Federmotten. Heft 1. 388 pp. Braunschweig.
"Hellrigl, K. ",1996,"Massenauftreten der amerikanischen Robinien–Blattaschenomotte in Sudtirol und Vorkommen anderer eingeschleppter Pflanzen–und Vorratsschadlinge. Landesforstdienst, Autonome Prov. Bozen, Info 3/96: 3–5."
"Heppner, J.B. and H. Inoue",1992,"Gelechiidae. Lepidoptera of Taiwan. Vol. 1, part 2, 276 pp. Gainesville, Florida."
"Hering, M.",1932,"Die Schmetterlinge nach ihren Arten dargestellt. Die Tierwelt Mitteleuropas. Erganzungsband I. Vrlg. Quel–le & Meyer, Leipzig, 545 pp."
"Hering, E.M. ",1957,"Bestimmungstabellen der Blattminen von Europa. Bd. 1–3. W. Junk, Gravenhage, 1185 pp. (Bd. 1, 2); 221 pp., 86 Taf. (Bd. 3)."
"Herrich–Schaffer, G.A.W.",1847–55,Die Schaben und Federmotten. In Systematische Bearbeitung der Schmetterlinge von Europa. Bd. 5. Regensburg. G.J. Manz. 394 pp.
"Hodges, R.W. ",1978,"Gelechioidea, Cosmopterigidae. Moths America north of Mexico, 6.1: [i]–x + 1–166, pl. 1–6."
"Hodges, R.W. ",1983,"Gelechioidea, pp. 11–25. In Hodges, R.W., et al. (eds), Check List of the Lepidoptera of America North of Mexico. London: E.W. Classey Ltd. and the Wedge Entomological Research Foundation."
"Hodges, R.W. ",1986,"Gelechioidea, Gelechiidae (part). Moths of America North of Mexico, 7.1: [i]–xiii + 1–195, pl. A–HH, 1–4."
"Hodges, R.W. ",1998,"Gelechioidea, pp. 130–158. In Kristensen, N.P. (ed.), Lepidoptera, Moths and Butterflies. Handbook of Zoology/Handbuch der Zoologie 1(1999). Berlin and New York."
"Hodges, R.W. ",1999,"The Moths of America North of Mexico. Fasc. 7.6. Gelechioidea, Gelechiidae(Part –Chionodes). Washington. Wedge Ent. Res. Found. 339 pp, 5 pl."
"Hodges, R.W. and V.O. Becker",1990,Nomenclature of some Neotropical Gelechiidae (Lepidoptera). Proc. Ent. Soc. Washington 92: 76–85.
"Hruby, K.",1964,"Prodromus Lepidopter Slovenska. Prodromus Lepidopterorum Slovaciae. SAV, Bratislava, 962 pp."
"H√ºbner, J.",1796–[1834],"Sammlung europaischer Schmetterlinge, Horde VIII. Tineae–Schaben. Augsburg: H√ºbner/Geyer. 78 pp, 71 pls."
"Huemer, P.",1988,A taxonomic revision of Caryocolum (Lepidoptera: Gelechiidae). Bull. Br. Mus. Nat. Hist. (Ent.) 57: 439–571.
"Huemer, P.",1989a,"Eine neue, gallenerzeugende Caryocolum–Art aus Mitteleuropa (Lepidoptera: Gelechiidae). Nota lipid. 12(1): 21–28."
"Huemer, P.",1989b,Bemerkenswerte Funde von Caryocolum–Arten aus den Sudalpen und dem Mediterraneum. NachrBl. Bayer. Ent. 38(2): 37–40.
"Huemer, P.",1991a,"Caryocolum delphinatella (Constant) sp. rev., a senior synonym of C. fiorii (Klimesch) (Lepidoptera: Gelechiidae). Tijd. Ent. 134: 31–34."
"Huemer, P.",1991b,Gelechia sestertiella auct. – ein Artenkomplex (Lepidoptera: Gelechiidae). Nota lepid. 14(2): 115–130.
"Huemer, P.",1992,Der Teleiodes vulgella–Artenkomplex in Europa (Lepidoptera: Gelechiidae). Z. ArbGem. Ost. Ent. 44(1/2): 1–14.
"Huemer, P.",1993a,The British species of Caryocolum Gregor & Povolny. Br. J. Ent. nat. Hist. 6: 145–157.
"Huemer, P.",1993b,Europaische Arten der Gattung Thiotricha (=Reuttia) (Lepidoptera: Gelechiidea). Nota lepid. 16(1): 44–56.
"Huemer, P.",1993c,"Caryocolum viscariella (Stainton) und C. albifaciella (Heinemann) sp. rev., zwei distinct Arten (Lepidoptera: Gelechiidae). Z. ArbGem. ost. Ent. 45(1/2): 27–34."
"Huemer, P.",1996a,Monochroa lucidella immaculatella ssp. N. aus den Verlandungszonen des Kalterer Sees in Sudtirol (Italien) (Lepidoptera: Gelechiidae). Z. ArbGem. ost. Ent. 48: 23–28.
"Huemer, P.",1996b,"Gnorimoschema nilsi sp.n. – eine bemerkenswerte neue Shcmetterlingsart aus dem Gebiet des Nationalparks Hohe Tauern (Osttirol, Osterreich) (Lepidoptera: Gelechiidae). Wissenschaftliche Mitteilungen aus dem Nationalpark Hohe Tauern 2: 75–86."
"Huemer, P.",1997,"Sattleria basistrigella (Muller–Rutz, 1934), ein invalider Name (Lepidoptera: Gelechiidae). Mitt. schweiz. ent. Ges. 70: 285–288."
"Huemer, P.",1998,"A new endemic species of Acompsia from the Alps (Lepidoptera, Gelechiidae). Linzer biol. Beitr. 30(2): 515–521."
"Huemer, P.",2021,"Metzneria neli Huemer, sp. n., a new species hitherto mixed with M. tristella Rebel, 1901 (Lepidoptera: Gelechiidae). SHILAP Revista de lepidopterolog√≠a, 49(196): 647–655."
"Huemer, P. and O. Karsholt",1998,"A review of the Old World Scrobipalpula (Gelechiidae), with special reference to central and northern Europe. Nota lepid. 21(1): 37–65."
"Huemer, P. and O. Karsholt",1999,"Gelechiidae I (Gelechiinae: Teleiodini, Gelechiini). In Huemer, P., Karsholt, O., and Lyneborg, L. (eds.), Microlepidoptera of Europe 3. Apollo Books,Stenstrup."
"Huemer, P. and G. Luquet",1992a,"De I’identite de Lita repentella Chretien, 1908 (Lepidoptera, Gelechiidae). Nota lepid. 15(1): 29–40."
"Huemer, P. and G. Luquet",1992b,Quatre Microlepidopteres nouveaux pour la faune de France. Alexanor 17(7): 421–425.
"Huemer, P. and K. Sattler",1992,Erganzende Bemerkungen zur Speziation alpine Sattleria (Lepidoptera: Gelechiidae). Z. ArbGem. ost. Ent. 44(3/4): 59–73.
"Huemer, P. and K. Sattler",1995,A taxonomix revision of Palaearctic Chionodes (Lepidoptera: Gelechiidae). Beitr. Ent. 45(1): 3–108.
"Huemer, P. and G. Tarmann",1993,"Die Schmetterlinge Osterreichs (Lepidoptera). Systematisches Verzeichnis mit Verbreitungsangaben fur die einzelnen Bundeslander. Veroff. Mus. Ferdinandeum Innsb. 5(Beilage), 224 pp."
"Huisman, K.J. and J.C. Koster",1996,Nieuwe en interessante Microlepidoptera uit Nederland in het jaar 1993 (Lepidoptera). Ent. Ber. Amst. 56(3): 37–55.
"Inoue, H.",1954,Check List of the Lepidoptera of Japan. Part I. 53–74 pp. Tokyo.
"Issiki, S.",1957,"Gelechiidae. In Esaki, T. et al. (eds.), Icones  Heterocerorum Japonicorum in Coloribus Naturalibus. 39–47 pp. Osaka."
"Ivinskis, P. ",1982,"[138 Lepidoptera species new to the Lithuanian SSR, found in 1968–1982]. In Novye I redkie dlya Litovskoj SSR vidy nasekomykh. Soobshcheniya I opisaniya 1982 goda: 28–47 [In Russian]."
"Ivinskis, P.",1993,"Check–list of Lithuanian Lepidoptera. Ekologijos Institutas, Vilnius, 210 pp."
"Ivinskis, P. and V.I. Piskunov",1981,"Review of Palaearctic species of genus Filatima Busck, 1939 and 167 description of new female of species Filatima ukrainica Piskunov, 1971, feminia nova (Lepidoptera, Gelechiidae) found on Lithuanian coast of the Baltic Sea. Trudy Akad. Nauk. Litovskoj SSR, seris B, 4(76): 47–52."
"Ivinskis, P. and V.I. Piskunov",1994,Some data on Gelechiidae (Lepidoptera) of Central Asia and Armenia. Acta Entomol. Lituanica 12: 35–47.
"Janovsky, M. ",1991,Motyli (Lepidoptera) Zoboru. Zobor 2. Nitra: 203–219.
"Janovsky, M. and A. Reiprich",1989,"Lepidoptera raseliniste Rudne u Suche Hory. Zbor. Slov. Nar. Muz. Prir. Vedy, Bratislava 35: 29–50."
"Janse, A.J.T.",1949–1954,Gelechiadae. Moths South Africa 5: 1–464.
"Janse, A.J.T.",1958–1963,Gelechiadae. Moths South Africa 6: 1–284.
"Jansen, M.G.M.",1998,"Bemerkungen zur Taxonomie der in den Niederlanden Vorkommenden Arten der Gattung Scrobipalpa Janse (Lepidoptera: Gelechiidae). Verh. Westdeutschland Ent. Tag 1997, 145–157."
"Jepson, W.L. ",1925,A Manual of the Flowering Plants of California. Berkeley. Univ. Calif. Pr. 1238 pp.
"Kaitila, J.P.",1996,Suomaen jaytajakoiden (Gelechiidae) elintavat. Baptria 21: 81–105.
"Kanazawa, I. ",1985,Description of a new genus and a new species of Gelechiidae from East Asia (Lepidoptera: Gelechiidae). Bulletin of the Osaka Museum of Natural History 38: 5–16.
"Kanazawa, I. and J.B. Heppner",1992,"Gelechiidae. In Heppner, J.B. and H. Inoue (eds.), Lepidoptera of Taiwan. Vol. 1, Part 2, 276 pp. Gainsville, Florida."
"Karsholt, O. ",1981,"Northern European species of the genus Caryocolum Gregor et Povoln√Ω, feeding on Cerastium and Stelaria, with the description of a new species (Lepidoptera, Gelechiidae). Ent. Scand. 12: 251–270."
"Karsholt, O. ",1995,"Kommentiertes Verzeichnis der Symmocidae, Blastobasidae und Gelechiidae Ostdeutschlands (Lepidoptera). Beitr. Ent. 45(1): 137–154."
"Karsholt, O. and P. Huemer",1995a,Additions and corrections to the Gelechiidae fauna of  Italy (Lepidoptera). Boll. Zool. agr. Bachic. Ser. II 27(1): 1–17.
"Karsholt, O. and P. Huemer",1995b,Lepidoptera Gelechioidea – Gelechiidae. Checklist delle specie della Fauna Italiana 83: 28–41.
"Karsholt, O., K. Larsen, and L. Aarvik",1986,"A remarkable disjunction Scrobipalpareiprichi Povolny, 1984 discovered in Norway, with remarks on the characteristics of the species (Lepidoptera, Gelechiidae). Nota lepid. 9(3–4): 191–199."
"Karsholt, O. and E. Nielsen",1974,"A new species of Gnorimoschema from northern Europe (Lepidoptera, Gelechiidae). Notul. Ent. (Helsinki) 54: 91–96."
"Karsholt, O. and E. Nielsen",1998,"A new brachypterous Ephysteris Meyrick from the Island of Maderia (Lepidoptera, Gelechiidae). Entomologist‚Äôs Gaz. 49: 35–47."
"Karsholt, O. and J. Razowski",1996,"The Lepidoptera of Europe. Apollo Books, Stenstrup 380 pp."
"Karsholt, O. and T. Riedl",1996,"Gelechiidae, pp. 103–122. In Karsholt, O. and J. Razowski (eds), The Lepidoptera of Europe. A Distributional Checklist. 380 pp. Apollo Books, Stenstrup."
"Karsholt, O. and T. Rutten",2005,"The genus Bryotropha Heinemann in the Western Palaearctic (Lepidoptera, Gelechiidae). Tijds. Ent. 148: 77–207."
"Karsholt, O. and K. Sattler",1998,A new brachypterous Ephysteris Meyrick from the island of Madeira (Lepidoptera: Gelechiidae). Ent. Gaz. 49: 35–47.
"Kasy, F.",1978,"Die Schmetterlingsfauna des Naturschutzgebietes Hackelsberg, Nordburgenland. Z. ArbGem. ost. Ent. 30(Suppl.): 1–44."
"Kasy, F.",1979,"Die Schmetterlingsfauna des Naturschutzgebietes Hackelsberg, Nordburgenland. Z. ArbGem. Oster. Ent. 30(Suppl.): 1–44."
"Kasy, F.",1985,"Die Schmetterlingsfauna des Naturschutzgebietes ‚ÄúPischelsdorger Fischawiesen‚Äù, ostliches Niederosterreich. Z. ArbGem. ost. Ent. 36(Suppl.): 1–27."
"Kasy, F.",1987,Die Schmetterlingsfauna des Naturschutzgebietes ‚ÄúGlaslauterriegel–Heferlberg‚Äù sudlich von Wien. Z. ArbGem. ost. Ent. 38(Suppl.): 1–35.
"Kasy, F.",1990,Beitrag zur Kenntnis der Schmetterlingsfauna des WWF–Naturreservates Marchauen/Marchegg (mit NaniAu) in Niederosterreich. Z. ArbGem. ost. Ent. 41(Suppl.): 1–24.
"Keifer, H.H. ",1927,California microlepidoptera. Pan–Pac. Ent. (San Francisco) 3: 136–138.
"Keifer, H.H. ",1933,"California microlepidoptera VI. Calif. Dept. Agric., Mon. Bull. (Sacramento) 22: 351–365."
"Keifer, H.H. ",1936a,"California microlepidoptera IX. Calif. Dept. Agric., Mon. Bull. (Sacramento) 25: 235–259."
"Keifer, H.H. ",1936b,"California microlepidoptera X. Calif. Dept. Agric., Mon. Bull. (Sacramento) 25: 349–359."
"Keifer, H.H. ",1937,"California microlepidoptera XI. Calif. Dept. Agric., Mon. Bull. (Sacramento) 26: 177–203."
"Kerppola, S. ",1994,"Saarenmaa – maantiede, ilmasto, kasvillisuus ja perhoset. Baptria 19(4): 123–139."
"Klimesch, J. ",1947,"Brachmia arulensis Rbl. (Lepidoptera, Gelechiidae). Z. wien. Ent. Ges. 31(1946): 65–72."
"Klimesch, J. ",1950,"Contributo alla fauna lepidotterologica del Trentino. Studi trent. Sci. nat. 27: 11–68, 10 pls."
"Klimesch, J. ",1953–1954,"Die an Caryophyllaceen lebenden europaeischen Gnorimoshcema Busck–Arten. Zeit. Wien. Ent. Gesel. 38(1953): 225–239, 272–282, 311–319; 39(1954): 273–288, 335–341, 357–362."
"Klimesch, J. ",1961,"Ordnung Lepidoptera I. Teil: Pyralidina, Tortricina, Tineina, Eriocraniina, und Micropterygina. In Franz, H., Die Nordost–Alpen im Spiegel ihrer Landtierwelt 2: 431–789."
"Klimesch, J. ",1968,"Die Lepidopteren fauna Mazedoniens, IV Microlepidopteren. Posebno Izd. Prirod. Muz. Skopje 5: 1–203."
"Kloet, G.S. and W.D. Hincks",1945,A check list of British insects. Stockport: Kloet and Hincks. lix + 483 pages.
"Kocak, A.",1984,"On the validity of the species group names proposed by Denis & Schiffermuller, 1775 in Ank (ndung (sic!) eines systematischen Werkes vonden Schmetterlingen der Weiner Gegend. Priamus 3(4): 133–154."
"Kornerup, A. and J.H. Wanscher",1983,"Methuen Handbook of Colour. 3rd ed. 252 pp. London: Methuen and Co., Ltd."
"Kostyuk, I. Yu., Yu. Budashkin, and M.I. Golovushkin",1994,"Family Gelechiidae. In Cheshuekrylye zapovednika “Daurskii”, [The Lepidoptera of the Dahursky nature reserve]. Kiev: 9–10 [In Russian]."
"Krampl, F., J. Liska, and J. Patocka",1988,Faunistic records from Czechoslovakia. Lepidoptera. Acta Entomol. Bohemoslov. 85: 313–317.
"Kuroko, H.",1961,"Description of Microsetia sexguttella Thunberg and its allied new species from Japan (Lepidoptera, Gelechiidae). Esakia 3: 1–9, 3 Taf."
"Kuznetzov, N.Y.",1967,Gelechiidae. Fauna of Russia and adjacent countries Lepidoptera 1: 305.
"Kuznetzov, V.I. and A.A. Stekolnikov. ",1984,"Classification and phylogenetic relationships of the families and superfamilies of the Gelechioid moths (Lepidoptera, Papilionomorpha: Copromorphoidea, Elachistoidea, Coleophoroidea, Gelechioidea) with regard of functional morphology of the male genitalia. [In Russian}. Trudy zool. Inst. Leningr. 122: 3–68."
"Langston, R.L.",1974,Extended flight periods of coastal and dune butterflies in California. J. Res. Lepid. (Beverly Hills) 13: 83–98.
"Larsen, K.",1982,"Monochroa farinosae (Stainton, 1867) ny for den danske fauna (Lepidoptera, Gelechiidae). Ent. Meddr. 49: 138–140."
"Lastuvka, Z. ",1993,"Katalog motylu moravskoslezskeho region (Lepidoptera) (Katalog von Faltern der mahrischschlesischen Region). AF VSZ Brno, 130 pp."
"Lastuvka, Z. ",1998,"Seznam motylu Ceske a Slovenske repuliky (Checklist of Lepidoptera of the Czech and Slovak Republics). Konvoj, Brno, 118 pp."
"Lastuvka, Z., A. Lastuvka, J. Liska, J. Marek, and J. Vavra",1992,Faunistic records from Czechoslovakia. Lepidoptera. Acta Entomol. Bohemoslov. 89: 466–472.
"Lastuvka, Z., J. Liska, J. Vavra, V. Elsner, A. Lastyvka, J. Marek, T. Dufek, M. Dovorak, F. Kopecek, M. Petru, J. Skvva, and P. Vitek",1994,Faunistic records from the Czech Republic – 18. Lepidoptera. Klapalekiana 30: 197–206.
"Le Marchand, S.",1947,Les Tineina Gelechiidae. Revue française de Lépidoptèrologie II(7–8): 145–163.
"Lee, S.M. and K.T. Park",1999,"A taxonomic review of the genus Monochroa (Lepidopera, Gelechiidae) in Korea. Korean Journal of Applied Entomology 38: 201–207."
"Lee, S.M. and K.T. Park",2000,Three species of the subfamily Gelechiinae (Lepidoptera) new to Korea. Ins. Koreana 17(1/2): 63–70.
"Lee, S.M. and R.L. Brown",2008a,Revision of Holarctic Teleiodini (Lepidoptera: Gelechiidae). Zootaxa1818: 1–55.
"Lee, S.M. and R.L. Brown",2008b,Phylogenetic relationships of Holarctic Teleiodini (Lepidopera: Gelechiidae) based on analysis of morphological and molecular data.  Systematic Entomology 33: 595–612.
"Leraut, P.",1980,"Prolita n. nov. pour Lita Treitschke, 1833, n. praeocc. (Lep., Gelechiidae). Alexanor 18: 182."
"Leraut, P.",1997,"Liste systematique et synonymique des Lepidopteres de France, Belgique et Corse (2. Auflage). Suppl. A Alexanor, Paris, 526 pp."
"Lhomme, L.",[1946–1949],"Gelechiidae, pp. 530–677. In Lhomme, L., 1935–[1963]. Catalogue des Lepidopteres de France et Belgique 2. 1253 pp. Le Carriol."
"Li, H.H.",1996,"A systematic study on the family Gelechiidae (Lepidoptera) from the Northwest and some other regions of China. 283 pp. Institute of Zoology, Shaanxi."
"Li, H.H.",1990a,New records of Gelechiid from China. Jour. Northwest For. Coll. 5(3): 8–12 [In Chinese].
"Li, H.H.",1990b,Identification of Ethmiopsis prosectrix Meyrick (Lepidoptera: Gelechiidae). Jour. Northwest For. Coll. 5(4): 48–51 [In Chinese].
"Li, H.H. and Z.M. Zheng",1995,New species and new records of the genus Mesophleps Hubner (Lepidoptera: Gelechiidae) from Kenya and China. Jour. Northwest For. Coll. 10(4): 27–35.
"Li, H.H. and Z.M. Zheng",1996,A systematic study on the Genus Dichomeris Hubner from China (Lepidoptera: Gelechiide). SHILAP Revta. Lipid. 24(95): 229–273.
"Li, H.H. and Z.M. Zheng",1997a,"Description of seven new species of the genus Dichomeris Hubner from China (Lepidoptera, Gelechiidae). Entomologia Sinica 4(3): 220–230."
"Li, H.H. and Z.M. Zheng",1997b,"A study on the genus Bryotropha Heinemann from China (Lepidoptera, Gelechiidae). Acta Zootaxonomica Sinica 22(4): 392–402."
"Li, H.H. and Z.M. Zheng",1998a,"Genus Dactylethrella (Lepidoptera, Gelechiidae) in China with description of one new species. Entomotaxonomia 20(1): 57–60."
"Li, H.H. and Z.M. Zheng",1998b,"Notes on Hypatima and Homoshelas (Lepidoptera, Gelechiidae) from the mainland of China with descriptions of new species. Entomotaxonomia 20(2): 143–149."
"Li, H.H. and Z.M. Zheng",1998c,"A systematic study on the genus Dendrophilia Ponomarenko, 1993 from China (Lepidoptera, Gelechiidae). SHILAP Revta. Lepid. 26(102): 101–111."
"Li, H.H. and Z.M. Zheng",1998d,Phylogeny and biogeography of Palearctic Evippe (Lepidoptera: Gelechiidae). Acta Zootaxonomica Sinica23: 199–206 [In Chinese].
"Li, H.H. and Z.M. Zheng",1998e,A taxonomic review of the genus Faristenia from China (Lepidoptera: Gelechiidae).  Acta Zootaxonomica Sinica23: 386–398.
"Li, H.H. and Z.M. Zheng",1998f,"The genus Capidentalia Park in China (Lepidoptera, Gelechiidae). Reichenbachia 32(45): 307–312."
"Liska, J., J. Patocka, J. Skyva, and M. Turcani",1992,Faunistic records from Czechoslovakia. Lepidoptera. Acta Entomol. Bohemoslov. 89: 73–74.
"Liu, Y.",1983,Gelechiidae. In Iconographia Heterocerorum Sinicorum 1: 18–21. Bejing.
"Liu, Y. and F. Qian",1994,A new species of the genus Dichomeris injurious to China fir (Lepidoptera: Gelechiidae). Entomologia sin. 1(4): 297–300.
"Liu, Y., G. Shen, and J. Bai",1981,"Gelechiidae. In Wang, P. et al. (eds.), Iconographia Heterocerorum Sinicorum. 18–21 pp. Beijing."
"Lvovsky, A.L. and V.I. Piskunov",1989,"The gelechiid moths (Lepidoptera, Gelechiidae) of the Transalatai Gobi. Ins. Mongolia 10: 521–571 [In Russian]."
Mann. J.,1872,"Verzeichniss der im Jahre 1851 bei Brussa in Kleinasien gesammelten Schmetterlinge. Wien ent. Monatschr. 6: 356–371, 373–409."
"Matsumura, S.",1931,"Gelechiidae. 6000 Illustrated Insects of Japan. 1,487 pp. Tokyo."
"McCarty, M.E., D. Adamski, M.A. Metz, and J.–F. Landry ",2020,Two new species in the genus Frumenta Busck 1939 (Lepidoptera: Gelechiidae: Gnorimoschemini) with the discovery of a culcitula in the male. Proceedings of the Entomological Society of Washington 122(2): 415–441.
"Meess, A.",1923,"Die cecidogenen und cecidocolen Lepidopteren, gallenerzeugende und gallenbewohnende Schmetterlinge, und ihre Cecidien. In R√ºbsaamen, E.H. and h. Hedicke (eds): Die Zoocecidien, durch Tiere erzeugte Pflanzengallen Deutschlands und ihrer Bewohner 1: 499–584, pls. XXV–XXXVII."
"Mey, W. and H. Schnee",1992,"Zur Kenntnis der amerikanischen Fitchtennadel–Miniermotte Coleotechnites piceaella (Kearfott) in Deutschland (Lepidoptera, Gelechiidae). Rudolstadter nat. hist. Schr. 4: 71–77."
"Meyrick, E.",1887,Description of some exotic Micro–Lepidoptera. Trans. Ent.  Soc. Lond. 1887: 269–280.
"Meyrick, E.",1895,A Handbook of British Lepidoptera. London. MacMillan. 843 pp.
"Meyrick, E.",1904,Description of Australian Micro–Lepidoptera. Proc. Linn. Soc. N.S. Wales 29: 313–314.
"Meyrick, E.",1907,Descriptions of Indian Microlepidoptera IV. Journal Bombay Natural History Society 17: 976–994.
"Meyrick, E.",1910,Description of Malayan Microlepidoptera.  Trans. ent. Soc. London 1910: 437–452.
"Meyrick, E.",1911,Description of Indian Microlepidoptera XIV. Journal Bombay Natural History Society 21: 103–131.
"Meyrick, E.",1913,Description of Indian Microlepidoptera XXI. Journal Bombay Natural History Society 22: 160–182.
"Meyrick, E.",1914a,Descriptions of Indian Microlepidoptera XXI. Journal of the Bombay Natural History Society 22: 771–781.
"Meyrick, E.",1914b,Descriptions of Indian Microlepidoptera XXII. Journal of the Bombay Natural History Society 23: 118–130.
"Meyrick, E.",1921,New Microlepidoptera. Zool. Meded. Mus. Leiden 6: 145–202.
"Meyrick, E.",1923,Description of New Zealand Lepidoptera. Trans. NewZeal. Institute 54: 162–169.
"Meyrick, E.",1925,"Lepidoptera Heterocera. Family Gelechiadae. Genera Insectorum, Fasc. 184 : 1–290, pl. 1–5. Bruxelles."
"Meyrick, E.",1926,Exotic Microlepidoptera 3: 276. Marlborough.
"Meyrick, E.",1928,"A Revised Handbook of British Lepidoptera. Watkins and Doncaster, London, vi + 914 pp."
"Meyrick, E.",1931,"Descriptions and records of Microlepidoptera. In Caradja, A. and E. Meyrick (eds.), Materialen zu einer Microlepidoteren–Fauna Kwangtungs. Iris 48: 28–43."
"Meyrick, E.",1935,"List of Microlepidoptera of Chekiang, Kiangsu and Hunan. In Caradja, A. and E. Meyrick (eds.), Materialien zu einer Microlepidopteren. Fauna der chinensischen Provinzen Kiangsu, Chekiang und Hunan. 44–96 pp. Berlin."
"Meyrick, E.",1938,"Gelechiadae. In Caradja, A. and E. Meyrick (eds.), Materialien zu einer Microlepidopteren fauna des Yulingshanmassivs (Provinz Yunnan). Dt. Ent. Z. Iris 52: 3–7."
"Miller, F.",1956,"Zemedelska entomologie. CSAV, Praha, 1056 pp."
"Miller, S.E. and R.W. Hodges",1990,"Primary types of microlepidoptera in the Museum of Comparative Zoology (with a discussion on V.T. Chambers‚Äô work). Bull. Mus. Comp. Zool. (Cambrige, Ma.) 152: 45–87."
"Miyata, A.",1983,Handbook of the Moth Ecology. Moths as an Indicator of the Environment. 1451 pp.
"Moriuti, S.",1977a,New and unrecorded gelechioid moths from Japan taken by Mr Watanabe in the Island of Yakusima. TINEA 10(12): 119–136.
"Moriuti, S.",1977b,Two new species of Microlepidoptera from Japan: A Gerontha (Tineidae) and a Telphusa. TINEA 10(13): 131–136.
"Moriuti, S.",1982,"Gelechiidae, I: 275–288, II: 212–215 . In Inoue, H., et al. Moths of Japan. Tokyo. Kodansha Co. Ltd."
"Moriuti, S. and T. Ueda",1993,Paralida triannulata Clarke (Lepidoptera: Gelechiidae) new to the fauna of Thailand. Tyo to Ga 44(2): 75–76.
"Muller–Rutz, J. ",1932,Die Schmetterlinge der Schweiz. 6. Nachtrag–Microlepidopteren. Mitt. Schweiz. ent. Ges. 15: 221–266.
"Munz, P.A. and D.D. Keck",1959,A California Flora. Berkeley. Univ. Calif. Pr. 1681 pp.
"Munz, P.A. and D.D. Keck",1968,A California Flora and Supplement. Berkeley. Univ. Calif. Pr. 224 pp.
"Murtfeldt, M.E.",1900,New Tineidae with life histories. Can. Ent. (Ottawa) 32: 161–166.
"Nel, J.",1995a,"Sur quelques Isophrictis Meyrick, 1917, et description d‚ÄôI. cerdanica n. sp. (Lepidoptera, Gelechiidae). Bull. de la Soc. Ent. De France 100(2): 179–194."
"Nel, J.",1995b,Sur quelques especes nouvelles ou peu connues de Gelechiidae observes au Mont Ventoux (Vancluse) et en Basse–Provence. Quatrieme contribution a la connaissance des Gelechiidae du sud de la France (Lepidoptera). Alexanor 19(1): 37–45.
"Nel, J.",1997,"Mise au point sur les Anaria Zeller, 1839, de France (hormis Anarsia lineatella Zeller, 1839) (Lepidoptera, Gelechiidae). Alexanor 20(1): 29–41."
"Nel, J.",1998,"Gelechioidea nouveaus pour la France, pour la Science ou rarement signal√©s. Alexanor 20(1997): 217–232."
"Nel, J. and G. Luquet. ",1997,"Deux nouvelles especes d‚ÄôAnomologinae du mont Ventoux et de Provence, France (Lep., Gelechiidae). Bull. de la Soc. Ent. De France 102(1): 37–38."
"Nel, J., T. Varenne, and G. Labonne ",2019,"Description de Stomopteryx spathulella sp. n., esp√®ce cryptique de S. remissella (Zeller, 1847), d√©couverte dans le Sud de la France. Revue d ƒæAssociation Roussillonnaise ƒèEntomologie. 28(4): 214–218."
"Nielsen, E.S., and I.F.B. Common",1991,"Lepidoptera (moths and butterflies), pp. 817–915. In CSIRO Division of Entomology (ed.), The Insects of Australia. Melbourne: Melbourne University Press."
"Novak, I. and J. Liska ",1997,Katalog motylu (Lepidoptera) Cech. Katalog der Falter Bohmens. Klapalekiana 33 (Suppl.): 1–159.
"Nupponen, K. and J. Junnilainen",1995,Perhoshavainroj Virosta vuonna 1994 (Records of Lepidoptera from Estonia 1994). Baptria 20(3): 131–142.
"Nye, I.W. and D.S. Fletcher",1991,The generic names of moths of the World. Microlepidoptera. London 6: 368 pp.
"Oatman, E.R., J.A. Wyman, and G.R. Platner",1979,Seasonal occurrence and parasitization of the tomato pinworm on frech market tomatoes in southern California. Environ. Ent. (Lanham) 8: 661–664.
"Okada, M.",1961a,"A new species of Telephila from Japan (Lepidoptera, Gelechiidae). Pub. Ent. Univ. Osaka Pref. 6: 47–49, figs 1–9."
"Okada, M.",1961b,"The genera Evippe and Stenolechia of Japan, with the descriptions of two species of the latter (Lepidoptera: Gelechiidae). Transactions Shikoku Entomological Society 7: 41–48, pls. 3–7."
"Okada, M.",1962,On some Japanese Gelechiid moths bred from coniferous plants. Bull. Ent. Lab. Coll. Agr. Univ. Osaka Pref. 7: 26–42.
"Okada, M.",1959,"Gelechiidae. In Inoue, H. et al. (eds.), Iconographia Insectorum Japonicorum Colore Naturali edita 1. 284 pp. Tokyo."
"Omelko, M.M. ",1984,Description of three new species of Gelechiidae from South Primorye. Fauna Ecol. Ins. S. Far East.: 28–34.
"Omelko, M.M. ",1986a,"A review of gelechiid moths of the genus Parachronistis Meyr. (Lepidoptera, Gelechiidae) with descriptions of new species from the South of Primorye Territory. Ent. Obozr. 4: 753–768."
"Omelko, M.M. ",1986b,"Moths of the genus Gelechia Hb. (Lepidoptera, Gelechiidae) from Primorye Territory. USSR Acad. Sci. Proc. Zool. Inst. 145: 84–108."
"Omelko, M.M. ",1986c,"New genus Protoparachronistis (Lepidoptera, Gelechiidae) from South Primorye. Syst. Ecol. Lep. Far East USSR: 42–49."
"Omelko, M.M. ",1988,"New genera and species of the gelechiid moths of the tribe Gelechiini from the southern Maritime (Lepidoptera, Gelechiidae). Ent. Obozr. 67(1): 142–159."
"Omelko, M.M. ",1989,"Brief zoogeographic review, ecology and economic significance of the gelechiids of subfamily Gelechiinae (Lepidoptera, Gelechiidae) from South Primorye. Insects of Biologicheskie issledovaniya na Gornotaezhnoy stantsii. Vladivostok. pp. 123–141."
"Omelko, M.M. ",1991,"On the system and morphology of the gelechiid moths of the subfamily Gelechiinae (Lepidoptera, Gelechiidae) with special reference to the fauna of Southern Primorye territory. Ent. Obozr. 70(1): 140–156."
"Omelko, M.M. ",1993a,"Gelechiids moths of the genus Thiotricha Meyrick (Lepidoptera, Gelechiidae) from the Primorye Territory. Biol. Invest. Gornot. Stn. Russian Acad. Sci. pp. 201–215, 217–220."
"Omelko, M.M. ",1993b,"Addition to the fauna of the gelechiid moths from the genus Protoparachronistis Omelko (Lepidoptera, Gelechiidae) of the Russian Far East. Biol. Invest. Gornot. Stn. Russian Acad. Sci. pp. 218–222."
"Omelko, M.M. ",1999,"Family Gelechiidae. Pp. 102–257. In Lelej, A.S., V.S. Kononeko, G.O. Krivoluzkaya, A.N. Kupyanskaya, and I.M. Levanidova (eds.), Key to the Insects of Russian Far East, Vol. V. Trichoptera and Lepidoptera. 670 pp. Vladivostok. Dalnauka."
"Omelko, M.M. ",1993a,"New and little known species of the gelechiid moths of the subfamilies Gelechiinae and Teleiodinae (Lepidoptera, Gelechiidae) from the Southern Primorye Territory. Biol. Invest. Gornot. Stn. Russian Acad. Sci. 187–204 pp."
"Omelko, M.M. ",1993b,"New genus and new and little known species of the gelechiid moths (Lepidoptera, Gelechiidae) from Primorye Territory. Biol. Invest. Gornot. Stn. Russian Acad. Sci. 234–251 pp."
"Omelko, M. and H.B. Omelko ",2022,"A new genus and two new species of gelechiid moths from the subfamily Gelechiinae (Lepidoptera, Gelechiidae) from Borneo. Amurian Zoological Journal 14(4): 662–668."
"Omelko, N.V. and M.M. Omelko",1993,"New species of the gelechiids of the Schemataspis Meyr., Tricyanaula Meyr., Trichembola Meyr., and Pseudotelphusa Janse (Lepidoptera, Gelechiidae) from Primorskii krai. In Biologicheskie issledovaniya v estestvennykh i kulturnykh ekosistemakh. Vladivostok: 216–221 [In Russian]."
"Omelko, N.V. and M.M. Omelko",2004,New genus and species of gelechiid moths (Lepidoptera: Gelechiidae) from subfamily Teleiodinae in South Primorye. Biologicheski issledovaniyana Gornotaezhnoi stantcii 9: 193–196.
"Park, K.T.",1983,"Gelechiidae. In Shin, Y.H. et al. (eds.), Illustrated flora and fauna of Korea. 27. Insecta. Seoul 9: 458–508."
"Park, K.T.",1984,"A new species of the genus Bryotropha Heinemann (Lep., Gelechiidae) from Korea. Korean J. Ent. 14(2): 1–4."
"Park, K.T.",1985,"Two new species of the genus Parachronistis from Korea (Lep., Gelechiidae). Korean J. Ent. 15: 75–79."
"Park, K.T.",1986,Matsumura types of Microlepidoptea described from Korea. Korean J. Ent. 16(2): 107–111.
"Park, K.T.",1987a,"Korean species of the genus Deltophora Janse (Lep., Gelechiidae) with description of a new species. TINEA 12(suppl.): 182–185."
"Park, K.T.",1987b,Two species of Gelechiidae (Lepidoptera) new to Korea. Korean J. Entomology 17(3): 175–178.
"Park, K.T.",1988,"Systematic study of on the genus Anacampsis (Lepidoptera, Gelechiidae) in Japan and Korea. TINEA 12: 135–155."
"Park, K.T.",1989,"Systematics of the subfamily Gelechiidae (Lep., Gelechiidae) in Korea (I), Genera Parachronistis Meyrick and Neochronistis Park gen. nov. Korean J. Appl. Ent. 28(3): 154–166."
"Park, K.T.",1991a,Gelechiidae (Lepidoptera) from North Korea with description of two new species. Annlst hist. nat. Mus. Natn. Hung. 83: 117–123.
"Park, K.T.",1991,"Korean species of the genus Anarsia (Lepidoptera, Gelechiidae). Jpn. J. Ent. 59(3): 490–498."
"Park, K.T.",1991,"Korean species of the genus Athrips (Lepidoptera, Gelechiidae). Korean J. Appl. Ent. 30(3): 196–200."
"Park, K.T.",1992,"Systematics of the Subfamily Gelechiinae (Lepidoptera, Gelechiidae) in Korea II: Tribe Teleiodini. Insecta Koreana 9: 1–33."
"Park, K.T.",1993a,"Two species of the genus Caryocolum (Gelechiidae, Lepidoptera) new to Korea. Korean J. Ent. 23(1): 17–21."
"Park, K.T.",1993b,"Genera Parastenolechia Kanazawa and Laris Omelko (Lepidoptera, Gelechiidae) in Korea. Korean Journal Applied Entomology 32: 184–192."
"Park, K.T.",1993,"Description of two new species of the tribe Teleiodini (Lepidoptera, Gelechiidae) from Korea. Jpn. J. Ent. 61(2): 307–312."
"Park, K.T.",1993,A review of the genus Hypatima and its related genera in Korea. Insecta Koreana 10: 25–49.
"Park, K.T.",1994a,"Genus Dichomeris in Korea, with description of seven new species (Lepidoptera, Gelechiidae). Insecta Koreana 11: 1–25."
"Park, K.T.",1994b,"Notes on Chorivalva and Stenolechia species in Korea, with new synonyms (Lepidoptera, Gelechiidae). Nota lepid. 16(3/4): 281–289."
"Park, K.T.",1995a,"Gelechiidae from Taiwan I. Review of Anarsia, with description of four new species (Lepidoptera, Gelechioidea). Tropical Lepidoptera6: 55–66."
"Park, K.T.",1995b,"Gelechiidae from Taiwan II. Hypatima and allies, with description of a new genus and five new species (Lepidoptera: Gelechioidea). Tropical Lepidoptera 6: 67–85."
"Park, K.T.",1996,"Description of a new species of Dichomeris Hubner (Lepidoptera, Gelechiidae). TINEA 14(4): 230–233."
"Park, K.T.",1996,Illustrations and discussions on type–specimens of Gelechiidae (Lepidoptera) described by A. Caradja. Insecta Koreana 13: 59–75.
"Park, K.T.",1998,"Notes on Meyrick’s types of Gelechiidae (Lepidoptera) in the Caradja collection, “Grigore Antipa” Museum of Natural History, Rumania. TINEA 15(4): 297–305."
"Park, K.T.",2004,"Gelechiidae and Lecithoceridae. Economic Insects of Korea 21. Insecta Koreana Suppl. 28, 152 pp."
"Park, K.T. and B.K. Byun",1995,Microlepidoptera from Jejudo (Lepidoptera). Insecta Koreana Suppl. 5: 137–148.
"Park, K.T. and O. Karsholt",1999,"Revision of the genus Psoricoptera Stainton, 1854 (Lepidoptera, Gelechiidae), with the description of two new Asian species. Entomologica Fennica 10: 35–49."
"Park, K.T. and R.W. Hodges",1995a,"Gelechiidae of Taiwan III. Systematic revision of the genus Dichomeris in Taiwan and Japan. Insecta Koreana 12: 1–96, 7 pls."
"Park, K.T. and R.W. Hodges",1995b,"Gelechiidae of Taiwan IV. Genus Helcystogramma Zeller, with description of a new species (Lepidoptera, Gelechioidea). Korean Journal Systematic Zoology 11: 223–234."
"Park, K.T., M.Y. Kim, M.Y. Chae, T.M. Kang, Y.S. Bae, C. Nguyen, and V. Pham",2006,"A taxonomic review of the subfamily Torodorinae (Lepidoptera, Lecithoceridae) of Vietnam, with descriptions of five new species. Journal Asia–Pacific Entomology 9: 327–337."
"Park, K.T., M.Y. Kim, S.R. Kim, M.Y. Chae, B.K. Byun, and C. Nguyen",2007,"Lecithocerinae (Lepidoptera, Lecithoceridae) of Vietnam I. Genera Homaloxestis Meyrick and Synersaga Gozm√°ny. Journal Asia–Pacific Entomology 10: 201–209."
"Park, K.T., J.S. Lee, and L. Lu. ",2000,Gelechiidae (Lepidoptera) from Mt. Changbai–shan in China. Korean J. Appl. Entom. 39(4): 239–244.
"Park, K.T. and M.G. Ponomarenko",1996a,"Genus Anarsia Hubner (Lepidoptera, Gelechiidae) from Thailand, with description of nine new species. Ins. Koreana 13: 39–58."
"Park, K.T. and M.G. Ponomarenko",1996b,"New faunistic data on the Gelechiidae (Lepidoptera) in Korea, with description of two new species of Anarsia Zeller. Korean J. Entomol. 26(4): 343–349."
"Park, K.T. and M.G. Ponomarenko",1996c,"The genus Anarsia Zeller (Lepidoptera, Gelechiidae) from the Siberia and Far East. Acta Zool. Hung. 42(1): 73–79."
"Park, K.T. and M.G. Ponomarenko",1999,Genus Hypatima H√ºbner and allied genera from Thailand (Lepidoptera: Gelechiidae). Species Diversity 4: 321–337.
"Park, K.T. and M.G. Ponomarenko",2006,New faunistic Data for the family Gelechiidae in the Korea peninsula and NE China (Lepidoptera). SHILAP Revta. Lipid. 34(135): 275–288.
"Park, K.T. and M.G. Ponomarenko",2007a,"A new species of Parastenolechia Kanazawa (Lepidoptera: Gelechiidae) from Korea, with a check list of the genus. Zootaxa 1437: 55–60."
"Park, K.T. and M.G. Ponomarenko",2007b,"Two new species of Gelechiidae (Lepidoptera) from Korea, with notes on the taxonomic status of Telphusa euryzeucta Meyrick. Proc. Entomol. Soc. Wash. 109(4): 807–812."
"Park, K.T. and Y.H. Shin",1985,Notes on two little known species of Microlepidoptera. Ins. Koreana 5: 137–142.
"Pastoralis, G. ",1985,"Prispevok k faunistike motyl‚Äôov v Komarne a jeho blizkom okoli. Iuxta Danubium, Komarno 5: 93–126."
"Pastoralis, G. ",1988,"Nove vysledky faunistickeho vyskumu motyl‚Äôov (Lepidoptera) v okoli Komarna. Ent. Probl., Bratislava 18: 121–132."
"Pastoralis, G. and A. Reiprich",1995,"Zoznam motyl‚Äôov vyskytujucich san a uzemi Slovenska (Verzeichnis der Falterarten die in der Slowakei vorkommen). Slovensky zvaz ochr. Prir. A krajiny, Komarno, Spisska Nova Ves, 52 pp."
"Patočka, J. ",1951,"Motyli nasich lesnich drevin. Brazda, Prha, 206 pp."
"Patočka, J. ",1956,"Doplnky k faunistickemu prieskumu Lepidopter. Biologia, Bratislava 11: 740–750."
"Patočka, J. ",1960,"Dalsie doplnky k faunistike Lepidopter na Slovensku. Biologia, Bratislava 15: 584–593."
"Patočka, J. ",1977,Beitrag zur Kenntnis der Morphologie und Bionomie der mitteleuropaischen Vertreter der Gattung Stenolechia s. l. (Lepidoptera). Z. angew. Ent. 83: 303–311.
"Patočka, J. ",1982,Prispevok k faunistike Lepidopter Slovenska. Ent. Probl. 17: 133–157.
"Patočka, J. ",1987a,"Über die Puppen der mitteleuropäischen Gelechiidae (Lepidoptera) 1. Teil. Biológia, Bratislava 42: 571–580."
"Patočka, J. ",1987b,"Über die Puppen der mitteleuropäischen Gelechiidae (Lepidoptera) 2. Teil, Tribus Gelechiini. Acta Entomologica Bohemslovaka 34: 452–468."
"Patočka, J. ",1987c,"Über die Puppen der mitteleuropäischen Gelechiidae (Lepidoptera) 3. Teil, Tribus Teleiodini und benachbarte Gattungen. Vest. Cs. Spolec. Zool. 51: 286–299."
"Patočka, J. ",1987d,"Über die Puppen der mitteleuropäischen Gelechiidae (Lepidoptera) 4. Teil, Unterfamilien Chelariinae und Dichomerinae. Biológia, Bratislava 42(10): 965–976."
"Patočka, J. ",1988a,"Über die Puppen der mitteleuropäischen Gelechiidae (Lepidoptera). Nachtrag zum Teil 1–4. Biológia, Bratislava 43(10): 889–901."
"Patočka, J. ",1988,"Die Puppen der Gattung Anacampsis Curtis (Lepidoptera, Gelechiidae). Stapfia16: 199–207, fig. 1–14."
"Patočka, J. ",1989,Über die Puppen der mitteleuropäischen Gelechiidae (Lepidoptera). 5. Teil. Tribus Gnorimoschemini. Vestn. Ceskoslov. Spolec. Zool. 53: 123–140.
"Patočka, J. ",1990,"Über die Puppen der mitteleuropäischen Lepidoptera (Gelechiidae, Amologinae und Tischeriidae). 2. Nachtrag. Biologia, Bratislava 45(10): 815–826."
"Patočka, J. A. Reiprich, and G. Pastoralis",1989,"Zoznam motyl‚Äôov (Lepidoptera) zistenych alebo ocakavanych na Slovensku (Verzeichnis der in der Slowakei festgestellten oder erwarteten Lepidopteren). Iuxta Danubium, Komarno, 8, 100 pp."
"Pierce, F.N. and J.W. Metcalfe",1935,"The Genitalia of the Tineid Families of Lepidoptera of the British Islands. Oundle, 116 + 22 pp., 68 Tafeln."
"Pierce, F.N. and J.W. Metcalfe",1942,"Psamathocrita argentella sp. nov. (Lep., Gelechiidae) an addition to the British fauna. The Entomologist 75: 255–256."
"Piskunov, V.I.",1972,"To the fauna of Gelechiid moths (Lepidoptera, Gelechiidae) of the Belorussia. Ent. Obozr. 51(3): 595–603 [In Russian]."
"Piskunov, V.I.",1973,The tribe Teleiodini tribus n. (Lepidoptera: Gelechiidae) and systematic position of some included species. Trudy vses ent. Obsch. 56: 184–195 [In Russian].
"Piskunov, V.I.",1975,New data on the Gelechiidae (Lepidoptera) in the European Regions of the USSR. Entomologicheskoe Obozrenie 54: 857–872 [EntomologicalReview 54: 101–109; English translation].
"Piskunov, V.I.",1979,"On the fauna of the gelechiid moths (Lepidoptera, Gelechiidae) of Mongolia and Tuva. In: Nasekomye Mongolii [Insects of Mongolia]. Leningrad 6: 394–403 [In Russian]."
"Piskunov, V.I.",1980,"An addition to the fauna of the gelechiid and anarsiid moths (Lepidoptera, Gelechiidae, Anarsiidae) of Mongolia ana North China. In: Nasekomye Mongolii [Insects of Mongolia]. Leningrad 7: 386–395 [In Russian]."
"Piskunov, V.I.",1987a,"A review of the genus Neofriseria (Lepidoptera, Gelechiidae) with description of a new species from Turkmen SSR. Vestn. Zool. 2: 8–14 [In Russian]."
"Piskunov, V.I.",1987b,"Three new species of gelechiid moths (Lepidoptera, Gelechiidae) from the fauna of the USSR. Zool. Zhurn. 65: 147–150 [In Russian]."
"Piskunov, V.I.",1990a,"[A new Species and Two New Synonyms of the Palaearctic Gelechiid Moths (Lepidoptera, Gelechiidae)]. Faun. Syst. News, Kiev 1990: 95–97 [In Russian]."
"Piskunov, V.I.",1990b,"Gelechiidae, pp. 889–1024. In Medvedev, G.S., et al. (ed.), Keys to the Insects of the European Part of the USSR. IV. Lepidoptera 2. Leningrad. [English translation, 1989, New Delhi: Oxonian Press Pvt. Ltd.]."
"Piskunov, V.I.",1997,[Fauna of Gelechiidae (Lepidoptera) of Byelorussia]. Vestnik Bieloruskogo gosudarstvennogo universiteta 3: 39–45.
"Pitkin, L.M. ",1984,Gelechiid moths of the genus Mirificarma. Bull. Br. Mus. Nat. Hist. (Ent.) 48: 1–70.
"Pitkin, L.M. ",1986,A technique for the preparation of complex male genitalia in Microlepidoptera. Ent. Gaz. 37: 173–179.
"Pitkin, L.M. ",1988,"The Holarctic genus Teleiopsis: host–plants, biogeography and cladistics (Lepidoptera: Gelechiidae). Ent. scand. 19: 143–191."
"Pitkin, L.M. and K. Sattler",1991,Sattleria: a European genus of brachypterous alpine moths (Lepidoptera: Gelechiidae). Bull. Br. Mus. Nat. Hist. (Ent.) 60(2): 205–241.
"Ponomarenko, M.G. ",1989,"A review of moths of the genus Anarsia Z. (Lepidoptera, Gelechiidae) of the fauna of the USSR. Entomologicheskoe Obozrenie 68(3): 628–641 [In Russian]."
"Ponomarenko, M.G. ",1991,"A new genus and new species of gelechiid moths of the subfamily Chelariinae (Lepidoptera, Gelechiidae) from the Far East. Entomologicheskoe Obozrenie 70(3): 600–618 [In Russian]"
"Ponomarenko, M.G. ",1992,"Functional morphological analysis of male genitalia of gelechiid moths of the subfamily Dichomeridinae sensu novo (Lepidoptera, Gelechiidae) and relationships of its tribes. Entomologicheskoe Obozrenie 71: 160–178."
"Ponomarenko, M.G. ",1993a,Dendrophilia gen. n. (Lepidoptera: Gelechiidae) from the Far East with notes on biology of some species of the genus.  Zoological Journal 72: 58–73.
"Ponomarenko, M.G. ",1993b,"Trophic relations of the larvae of the Gelechiid moths from the subfamily Dichomeridinae (Lepidoptera, Gelechiidae) of the fauna of the Russia and adjacent countries. In: Yu. A. Chistyakov (ed.). Chteniya pamyati A.I. Kurentcova. 4: 41–48 [In Russian]."
"Ponomarenko, M.G. ",1994,"Two new species of the genus Dactylethrella Fletcher (Lepidoptera, Gelechiidae) from Russian Far East. Japan Heteroc. J. 176: 7–9."
"Ponomarenko, M.G. ",1995,Review of the genus Capidentalia Park (Lepidoptera: Gelechiidae) with the description of two new species. Actias 2: 45–51.
"Ponomarenko, M.G. ",1997a,"Catalogue of the subfamily Dichomeridinae (Lepidoptera, Gelechiidae) of the Asia. Far Eastern Entomologist 50: 1–67."
"Ponomarenko, M.G. ",1997b,"Phylogeny and taxonomy of the subfamily Dichomeridinae (Lepidoptera, Gelechiidae). ZoosystematicaRossica 6(1/2): 305–314."
"Ponomarenko, M.G. ",1998,"New Taxonomic data on Dichomeridinae (Lepidoptera, Gelechiidae) from the Russian Far East. Far Eastern Entomologist 67: 1–17."
"Ponomarenko, M.G. ",1999,Subfamily Dichomeridinae. In: P.A. Lerh (ed.). Key to the insects of the Russian Far East. Lepidoptera and Trichoptera. 5(2): 194–257 [In Russian].
"Ponomarenko, M.G. ",2004a,"Gelechiid moths (Lepidoptera, Gelechiidae) of the subfamily Dichomeridinae (Lepidoptera, Gelechiidae): functional morphology, evolution and taxonomy. In: S. Yu. Storozhenko (ed.). Chteniya pamyati A.I. Kurentcova, 15: 5–88."
"Ponomarenko, M.G. ",2004b,New synonymy in the Dichomeris Hubner (Lepidoptera: Gelechiidae). TINEA 18(1): 22–29 [In Russian].
"Ponomarenko, M.G. ",2005,"Gelechiid moths (Lepidoptera: Gelechiidae) of the Palaearctic: functional morphology of the male genitalia, phylogeny and taxonomy. Chteniya pamyati N.A. Kholodkovskogo [Meetings in memory of N.A. Cholodkovsky]  (Zoological Institute of Russian Academy Sciences, St. Petersburg) 58: 1–139."
"Ponomarenko, M.G. ",2022,New synonymy in the tribe Anarsiini (Lepidoptera: Gelechiidae: Dichomeridinae). Far Eastern Entomologist 458: 22–28.
"Ponomarenko, M.G. and P. Huemer",2001,"Helcystogramma klimeschi sp. n. (Lepidoptera: Gelechiidae, Dichomeridinae), with notes on related species. Acta Biologica 76(1999): 7–15."
"Ponomarenko, M.G. and W. Mey",2002,"On the type material of the species described by H. Christoph from genus Dichomeris Hubner (Lepidoptera, Gelechiidae). TINEA 17(2): 73–80."
"Ponomarenko, M.G. and M.M. Omelko",2003,"Review of the genus Acanthophila Heinemann, 1870 (Lepidoptera, Gelechiidae). Far Eastern Entomologist 127: 1–24."
"Ponomarenko, M.G. and K.T. Park",1996,"Description of three new species of Dichomeris Hubner (Lepidoptera, Gelechiidae) from Korea and Russian Far East. Korean J. Appl. Entomol. 35(2): 114–118."
"Ponomarenko, M.G. and K.T. Park",2007,Two new species and a new record of Gelechiidae from Korea. Zootaxa 1437: 55–60.
"Ponomarenko, M.G., K.T. Park, and Y.S. Bae",2006,Gelechiidea (Lepidoptera) from Mt. Changbai–shan in China II. J. Asia–Pacific Entomol. 9(2): 107–113.
"Popescu–Gorj, A. ",1984,La liste systematique des especes de Microlepidopteres signalees dans la faune de Roumanie. Mise a jour de leur classification et nomenclature. Trav. Mus. Hist. Nat. ‚ÄúGr. Antipa‚Äù 25: 111–162.
"Povolný, D. ",1964,Gnorimoschemini trib. nov. – eine neue Tribus der Familie Gelechiidae nebst Bemerkungen zu ihrer Taxonomie (Lepidoptera). Acta Entomol. Bohemoslov. 61: 330–359.
"Povolný, D. ",1965,"Neue und wenig bekannte palaearktische Arten und Gattungen der Tribus Gnorimoschemini nebst Bemerkungen zu ihrer Taxonomie (Lepidoptera, Gelechiidae). Acta Entomol. Bohemoslov. 62: 480–495."
"Povolný, D. ",1966,A type revision of some old–world species of the tribe Gnorimoschemini with a special regard to pests (Lepidoptera). Acta Entomol. Bohemoslov. 63: 128–148.
"Povolný, D. ",1967a,"Genitalia of some nearctic and neotropic members of the tribe Gnorimoschemini (Lepidoptera, Gelechiidae). Acta Ent. Mus. Nat. Prag. 37: 51–127."
"Povolný, D. ",1967b,"Ein kritischer Beitrag zur taxonomischen Klarung einigerPalaearktischer Arten der Gattung Scrobipalpa (Lepidoptera, Gelechiidae). Acta Sc. Natur. (Brno) 1: 209–250."
"Povolný, D. ",1968,"Scrobipalpa clintoni sp. nov. (Lepidoptera, Gelechiidae) a surprising discovery from Scotland. Ent. Gaz. 19: 113–118."
"Povolný, D. ",1969,"Bedeutsame faunistische und taxonomische Entdeckungen bei den Scrobipalpa–Arten (Lepidoptera, Gelechiidae) in Mitteleuropa. Z. wien. ent. Ges. 54: 71–78."
"Povolný, D. ",1971,"Zur Fauna der Tribus Gnorimoschemini (Lepidoptera, Gelechiidae) in Nordwestafrika. Acta Entomol. Bohemoslov. 68: 23–44."
"Povolný, D. ",1973,"Egnebnisse der Zoologischen Forschungen von Dr. Z. Kaszab in der Mongolei (Nr. 267) (Tribus Gnorimoschemini, Lepidoptera, Gelechiidae). Acta Sc. Nat. (Brno) 7(2): 1–42."
"Povolný, D. ",1977,"A contribution to the knowledge of the tribe Gnorimoschemini of Far East (Lep., Gelechiidae). Acta Ent. Mus. Nat. Pragae 39: 217–229."
"Povolný, D. ",1978,"Dichomeris (Mimomeris subgen. n.) steueri sp. n. Aug Mittleeuropa (Lepidoptera, Gelechiidae). Acta Musei Moraviae 63: 135–148."
"Povolný, D. ",1979a,"Rhynchopacha patockai sp. n. aus der Tschechoslowakei nebst Bemerkungen zur Taxonomie der Gattung Rhynchopacha Staudinger, 1871 (Lepidoptera, Gelechiidae). Acta Mus. Moraviae 64: 115–126."
"Povolný, D. ",1979b,On some little known moths of the family Gelechiidae (Lepidoptera) as pests of crops. Acta Univ. Agric. (Brno) 27(2): 139–165.
"Povolný, D. ",1979c,"Isophrictini trib. n. nebst Beschreibung von Daltopora felixi gen. n., sp. n. aus der Mongolei (Lepidoptera, Gelechiidae). Acta Entomol. Mus. Natl. Pragae 41: 133–158."
"Povolný, D. ",1980,"Die bisher bekannten Futterpflanzen der Tribus Gnorimoschemini (Lepidoptera, Gelechiidae) und deren Bedeutung fur taxonomisch–okologische Erwagungen. Acta Univ. Agr. Brno 28(1): 189–210."
"Povolný, D. ",1980,"Zur taxonomischen Stellung der Dichomerinae–Gattung Acanthophila Heinemann, 1870 im System der Gelechiidae (Lepidoptera). Folia entomologica Hungarica41: 317–327."
"Povolný, D. ",1982,Zur artspezifischen Indentitat mancher westpalaarktischer Gnorimoschemini (Gelechiidae). Nota Lepid. (Basel) 5: 121–124.
"Povolný, D. ",1983,"Vorl√§ufiges zu einer Revision der Gattungen Isophrictis Meyr. und Pyncostola Meyr. (Lepidoptera, Gelechiidae). Acta Entomologica Musei Nationalis Pragae 41: 133–158."
"Povolný, D. ",1984,"Scrobipalpa (Euscrobipalpa) reiprichi sp. n. (Lepidoptera, Gelechiidae) a surprising discovery from Eastern Slovakia. Acta Entomol. Bohemoslov. 81: 453–457."
"Povolný, D. ",1985,"Gnorimoschema siskiouense sp. n. – a new gelechiid moth from California (Lepidoptera, Gelechiidae). Acta Univeritatis Agriculturae Brno33: 111–114."
"Povolný, D. ",1987,Gnorimoschemini of southern South America III: the scrobipalpoid genera (Lepidoptera: Gelechiidae). Steenstrupia 20: 1–91.
"Povolný, D. ",1988,"Scrobipalpa nitentella (Fuchs, 1902) species revocata und S. indignella (Staudinger, 1879) species bona sowie sonstige irrtumliche Urteile uber die Gattung Scrobipalpa (Lepidoptera, Gelechiidae). Dtsch. Ent. Zeit. (Frankfurt) (n.s.) 35: 369–378."
"Povolný, D. ",1989,"Bemerkungen zur generischen und subgenerischen Bewertung einiger Gnorimoschemini (Insecta, Lepidoptera, Gelechiidae). Reichenbachia (Dresden) 26: 157–167."
"Povolný, D. ",1989,"Gnorimoschemini of southern South America IV: the genera Symmetrischema and Phthorimaea (Lepidoptera, Gelechiidae). Steenstrupia (Copenhagen) 15: 57–104."
"Povolný, D. ",1989,"Two new species of the genus Pseudathrips and some new records on the tribe Gnorimoschemini (Lepidoptera, Gelechiidae) from Middle East. Acta Univ. Agric. (Brno) 37(3–4): 153–162."
"Povolný, D. ",1990,"Zur heutigen Kenntnis von Nahrungspflanzen der Tribus Gnorimoschemini (Lepidoptera, Gelechiidae). Acta Univ. Agric. (Brno) 38(3–4): 191–204."
"Povolný, D. ",1990,"Gnorimoschemini of Peru and Bolivia (Lepidoptera, Gelechiidae). Steenstrupia (Copenhagen) 16: 153–223."
"Povolný, D. ",1991,"Morphologie, Systematik und Phylogenie der Tribus Gnorimoschemini (Lepidoptera, Gelechiidae). Acta Sci. Nat. Acad. Sci. Bohemoslov. (Brno) (n.s.) 25: 1–103."
"Povolný, D. ",1992,"A critical review of the Palaearctic taxa of Gnorimoschema Busck (Lepidoptera, Gelechiidae). Acta Entomol. Bohemoslov. 89: 217–233."
"Povolný, D. ",1993,"Ilseopsis (Euscrobipalpa) parki sp. n., a leaf miner and spinner on Lycium chienese in Korea (Lepidoptera, Gelechiidae). Eur. J. Entomol. 90: 355–358."
"Povolný, D. ",1993,"Zur taxonomie und nomenklatur der amerikanischen gnorimoschemoiden Gattungen Tuta Strand, Tecia Strand, Scrobipalpopsis Povoln√Ω und Keiferia Busck (Insecta: Lepidoptera: Gelechiidae). Reichenbachia Museum f√ºr Tierkunde Dresden 30(1): 85–98."
"Povolný, D. ",1994a,"New taxa and records of Gnorimoschema Busck and Gobipalpa Povoln√Ω from Palaearctic Asia (Lepidoptera, Gelechiidae). Entomol. Fenn. 5: 57–64."
"Povolný, D. ",1994b,"Gnorimoschemini of southern South America VI: identification keys, checklist of Neotropical taxa and general considerations (Lepidoptera, Gelechiidae). Steenstrupia (Copenhagen) 20: 1–42."
"Povolný, D. ",1996,"New taxa and faunistic records of Ilseopsis (Euscrobipalpa) Povoln√Ω and Hedma Dumont from Palaearctic Asia (Lepidoptera, Gelechiidae). Acta Zool. Fennica 200: 19–40."
"Povolný, D. ",1998a,"Nevadopalpa gen. nov. and Neoschema Povoln√Ω, 1967 stat. nov. – two new Nearctic genera of the tribe Gnorimoschemini, with descriptions of three new species. Entomologische Abhanglungen (Dresden) 58(6): 1–12."
"Povolný, D. ",1998b,"Neopalpa gen. n. and Eurysaccoides gen. n. – two new genera of the tribe Gnorimoschemini from California, with the description of three new species (Lepidoptera, Gelechiidae). SHILAP Revista de Lepidopterologia (Madrid) 26: 139–146."
"Povolný, D. ",1998c,"New taxa and faunistic records of the tribe Gnorimoschemini from the Nearctic Region (Lepidoptera, Gelechiidae). Stapfia (Linz) 55: 327–347."
"Povolný, D. ",1998d,"Nevadopalpa albula spec. nov. – a third species of the genus Nevadopalpa Povoln√Ω, 1998, from California (Insecta: Lepidoptera: Gelechiidae). Reichenbachia (Dresden) 32: 313–315."
"Povolný, D. ",1999a,ith descriptions of four new species (Lepidoptera: Gelechiidae). SHILAP Revista de Lepidopterologia (Madrid) 27: 379–391.
"Povolný, D. ",1999b,"Two indigenous Nearctic species of the genus Microcraspedus Janse, 1958 (Lepidoptera: Gelechiidae). SHILAP Revista de Lepidopterologia(Madrid) 413–417."
"Povolný, D. ",2000,Four new Nearctic species of the genus Tuta Strand (Lepidoptera: Gelechiidae). SHILAP Revista de Lepidopterologia (Madrid) 28: 213–225.
"Povolný, D. ",2002,"Iconographia tribus Gnorimoschemini (Lepidoptera, Gelechiidae) Regionis Palaearcticae. 110 pp., 16 colour pls., 87 pls. Bratislava."
"Povolný, D. ",2003,"Description of twenty five new Nearctic species of the genus Gnorimoschema Busck, 1900 (Lepidoptera: Gelechiidae). SHILAP Revista de Lepidopterologia (Madrid) 31: 285–315."
"Povolný, D. ",2004,"Insuloschema barbarae gen. n., sp. n. and two new species of the genus Keiferia Busck, 1939 from California (Lepidopera, Gelechiidae). Acta Universitatis Agriculturae et Silvici Mendelova Brno 52: 15–22."
"Povolný, D. and F. Gregor",1946,Dalsi nove nebo zajimave nalezy Lepidopter z Moravy. Ent. Listy 9: 155–156.
"Povolný, D. and Z. Sustek",1987,Versuch einer numerisch–taxonomischen L√∂sung der phylogenetischen Beziehungen im Rahmen des Gelechioiden tribus Gnorimoschemini (Lepidoptera). Stapfia16: 209–247.
"Powell, J.A. ",1981,Endangered habitats for insects: California coastal sand dunes. Atala 6: 41–55 (1978).
"Powell, J.A. ",1985,"Faunal affinities of the Channel Islands Lepidoptera: a preliminary overview. In A Menke and S. Miller (eds.), Biogeography of the Insects of the California Channel Islands, 61–94. Santa Barbara Nat. Hist. Mus."
"Powell, J.A. ",1994,"Biogeography of Lepidoptera on the California Chennel Islands. In W. Halvorson and G. Maender (eds.), The Fourth California Islands Symposium: Update on the Status of Resources, 449–464. Santa Barbara: Santa Barbara Mus. Nat. Hist."
"Powell, J.A. and D. Povolný",2001,Gnorimoschemine moths of coastal dune and scrub habitats in California (Lepidoptera: Gelechiidae). Holarctic Lepidoptera(Gainsville) 8 (suppl. 1): 1–53.
"Prose, H.",1987,"Kleinschmetterlinge: Wissensstand, Erhebungen und Artenschutzproblematik (Anhang: Artenliste der in Bayern und den angrenzenden Gebieten nachgewiesenen Microlepidoptera). Schriftenreihe Bayer. Landesamt fur Umweltschutz 77: 37–102."
"Real, P.",1994,Contribution a la connaissance des Anarsia de France et de pays limitrophes. Mem. Comite Laiaison Rech. Ecofaun. Jura 12: 1–126.
"Rebel, H.",1901,Famil. Pyralidae–Micropterygidae [sic.]. In: Staudinger and Rebel. Catalogue der Lepidopteren des palaearctischen Faunengebietespt. II. 368 pages. Berlin: Friedlander and Sohn.
"Reiprich, A. ",1972,Verzeichnis der Falterarten aus dem Naturschutzgebiet Slovensky raj und der Umgebung von Spisska Nova Ves (Ergebnisse der Erforschung aus den Jahren 1945–1969). Ent. Probl. 10: 5–105.
"Reiprich, A. ",1977,Doplnky k Prodromu Lepidopter Slovenska. Ent. Probl. 14: 13–69.
"Reiprich, A. ",1983,"Vysledky faunistickeho a ekologicko–bio–nomickeho vyskumu motyl‚Äôov v Slovenskom raji a v okoli Spisskej Novej Vsi rokoch 1978–1980. Zbor. Vychodoslov. Muz., Prir. Vedy, Kosice 23: 241–258."
"Reiprich, A. ",1984,"Zaverecny prispevok o faunistickom a eko logicko–bionomickom vyskume motyl‚Äôov v Slovenskeho raja a okolia Spisskej Novej Vsi. Zbor. Vyshodoslov. Mus. Prir. Vedy, Kosice 25: 95–115."
"Reiprich, A. ",1989,Prirastky motylej fauny na Slovensku v obdobi rokov 1985–1988. Spravy Slov. Ent. Spol. Bratislava 1(3): 1–6.
"Reiprich, A. ",1990,"Prirastky motylej fauny na Slovensku v obdobi rokov 1989. Spravy Slov. ent. spol., Bratislava 2(2): 1–7."
"Reiprich, A. ",1992,"Prirastky motylej fauny na Slovensku v obdobi rokov 1991. Spravy Slov. ent. spol., Bratislava 4(2): 7–14."
"Reiprich, A. ",1993,"Prirastky motylej fauny na Slovensku v obdobi rokov 1992. Spravy Slov. ent. spol., Bratislava 5(3): 13–24."
"Reiprich, A. and I. Okali",1989,"Dodatky k Prodromu Lepidopter Slovenska. Veda, Bratislava 2: 109 pp."
"Reiprich, A. and Z. Tokar",1992,Nove druhy motyl‚Äôov pre oblast‚Äô Slovenskeho raja a okolia Spisskej Novej Vsi z rokov 1989–1991. Ent. Probl. 23: 33–38.
"Reiprich, A., Z. Tokar, and J. Osust",1994,"Nove druhy motyl‚Äôov pre oblast‚Äô Slovenskeho raja a okolia Spisskej Novej Vsi z rokov 1989–1991. Zbor. Vychodoslov. Muz., Prir. Vedy, Kosice 35: 47–62."
"Riedl, T.",1991,"Gelechiidae, In Razowski, J. (ed.), Wykazzwierzat Polski (Checklist of Animals of Poland). Vol. 2, part. 32/26 (Lepidoptera). 19–32. Ossolineum, Wroclaw."
"Robinson, G.S., K.R. Tuck, and M. Shaffer",1976,The preparation of slides of Lepidoptera genitalia with special reference to the Microlepidoptera. Ent. Gaz. 37: 173–179.
"Robinson, G.S., K.R. Tuck, and M. Shaffer",1994,Gelechiidae. In: A Field Guide to the Smaller Moths of South–East Asia. 72–81 pp. Kaula Lumpur.
"Rutten, T. and O. Karsholt",1998,"Bryotropha mundella (Douglas): a new synonym of Bryotropha umbrosella (Zeller) (Lepidoptera, Gelechiidae). Tijdschrift voor Entomologie 141: 109–114."
"Saito, T. 196",1969,"Gelechiidae. In: Issiki S. etal., Early Stages of Japanese Moths in colour . 2: 111–117. Osaka."
"Sakamaki, Y. ",1994,"Monochroa cleodora (Meyrick), comb. n. (Lepidoptera, Gelechiidae) and its allied new species from Japan. Jpn. J. Ent. 62(1): 167–174."
"Sakamaki, Y. ",1994,"Genus Metzneria from Japan (Lepidoptera, Gelechiidae). TINEA 14(1): 69–76."
"Sakamaki, Y. ",1995,"Genera Eulamprotes and Daltopora Povoln√Ω (Lepidoptera, Gelechiidae) from Japan. Jpn. J. Ent. 63(1): 209–219."
"Sakamaki, Y. ",1996a,"Notes on Japanese species of the genus Monochroa with description of two new species (Lepidoptera, Gelechiidae). Jpn. J. Ent. 64(2): 245–254."
"Sakamaki, Y. ",1996b,"A revision of the Japanese species of the genus Monochroa (Lepidoptera, Gelechiidae). Tyo to Ga 47(4): 243–265."
"Sattler, K.",1960,"Generische Gruppierung der europaischen Arten der Sammelgattung Gelechia (Lepidoptera, Gelechiidae). Deut. Ent. Z. (N.F.) 7(1–2): 10–118."
"Sattler, K.",1962,"Die Gattung Xystophora Heinemann, 1876 (Lep., Gelechiidae). Deut. Ent. Z. (N.F.) 9(3/4): 325–331."
"Sattler, K.",1968,"Die Systematische Stellung einiger Gelechiidae (Lepidoptera). Deut. ent. Z. (N.F.) 15: 111–131, figs 1–18."
"Sattler, K.",1973,"A catalogue of the family–group and genus–group names of the Gelechiidae, Holcopogonidae, Lecithoceridae and Symmocidae (Lepidoptera). Bull. Br. Mus. Nat. Hist. Ent. 28: 155–282."
"Sattler, K.",1974,"On Monochroa ferrea (Frey, 1870) and M. conspersella (Herrich–Schaffer, 1854) (Lepidoptera, Gelechiidae). Entomologist‚Äôs Gazette 25: 277–282."
"Sattler, K.",1976,"A taxonomic revision of the genus Ornativalva Gozmany, 1955 (Lepidoptera: Gelechiidae). Bull. Br. Mus. nat. Hist. (Ent.) 34(2): 87–152, 27 pls., 27 fig."
"Sattler, K.",1978,"The identity of the genus Athrips Billberg, 1820 (Lep., Gelechiidae). Dt. ent. Z. (N.F.) 25: 57–61."
"Sattler, K.",1979,"A taxonomic revision of the genus Deltophora Janse, 1950 (Lepidoptera: Gelechiidae). Bulletin of the British Museum of Natural History, Entomology 38 (6): 263–322."
"Sattler, K.",1980a,Generische Gruppierung der europaischen Arten der Sammelgattung Gelechia (Lepidoptera: Gelechiidae). Entomologist‚Äôs Gazette 31: 235–245.
"Sattler, K.",1980b,"Teleiodes wagae (Nowicki, 1860) New to the British List (Lepidoptera: Gelechiidae). Entomologist‚Äôs Gazette 31: 235–245, 2 pls., figs."
"Sattler, K.",1982,"A Review of the Western Palaearctic Gelechiidae (Lepidoptera) associated with Pistacia, Rhus, and Cotinus (Anacardiaceae). Entomologist‚Äôs Gazette 33(1): 13–32."
"Sattler, K.",1986,"Die an Compositen gebundenen Scrobipalpa–Arten des ostlichen Osterreichs (Lepidoptera, Gelechiidae). Ann. Naturhist. Mus. Wien (B) 88/89: 435–456."
"Sattler, K.",1987,"Die an Compositen gebunderen Scrobipalpa–Arten des oestlichen Osterreichs (Lepidotpera, Gelechiidae). Ann. Naturhist. Mus. Wien (B) 88/89: 435–456."
"Sattler, K.",1988,"The systematic status of the genera Ilseopsis Povolny, 1965 and Empista Povolny, 1968 (Lepidoptera, Gelechiidae). Nota Lepid. (Basel) 10: 224–235."
"Sattler, K.",1989,"The taxonomic status of Scrobipalpa klimeschi Povolny, 1967, and Lita pauperella Heinemann, 1870 (Lepidoptera: Gelechiidae). Entomologist‚Äôs Gazette 40: 7–12."
"Sattler, K.",1991,A review of wing reduction in Lepidoptera. Bull. Br. Mus. nat. Hist. (Ent.) 60(2): 243–288.
"Sattler, K.",1999,The systematic position of the genus Bagdadia (Gelechiidae). Nota Lepid. 22(4): 234–240.
"Sattler, K. and A.B. Stride",1989,A new species of Hypatima Hubner (Lepidoptera: Gelechiidae) injurious to Mango trees in East Africa. Bull. ent. Res. 79: 411–420.
"Schutze, K.T.",1931,Die Biologie der Kleinschmetterlinge unter besonderer Berucksichtigung ihrer Nahrpflanzen und Erscheinungszeiten. Frankfurt am Main. 235 pp.
"Simpson, A.N.",1989,"Dichomeris ustalella Fab. (Lep.: Gelechiidae), rediscovered in Britain. Entomologist‚Äôs Record 101: 17–18."
"Sinev, S.Yu. ",1992,On the systematics and phylogeny of the Gelechioidea s.l. (Lepidoptera). Entomologicheskoe Obozrenie 71: 143 – 159. [1993. Entomological Review 72: 10–25. Translation]
"Slamka, F.",1997,"Die Zunslerartigen (Pyraloidea) Mitteleuropas. Bestimmen – Verbreitung – Flugstandort – Lebensweise der Raupen. 2. Auflage, Bratislava, 112 pp."
"Snellen, P.C.",1882,"De Vlinders van Nederland. Microlepidoptera. Leiden. E.J. Brill. 1196 pp., 10 pl."
"Sokoloff, P.A",1983,Teleiodes vulgella (Hubner) on juniper. Entomologist‚Äôs Rec. J. Var. 95: 116.
"Sorhagen, L. ",1886,"Die Kleinschmetterlinge der Mark Brandenburg und einiger angrenzenden Landschaften mit besonderer Berucksichtigung der Berliner Arten, x, 368 pp. Berlin."
"Spuler, A.",1910,Die Schmetterlinge Europas II. Stuttgart: E. Schweizerbart‚Äôsche Verlagsbuchhandlung. 523 pp.
"Stainton, H.T.",1854,"Insecta Britannica. Lepidoptera: Tineina. vii + 313 pp., 10 pls."
"Stainton, H.T.",1865,"The natural history of the Tineina 9, [iv]. 276 pp., 8 col. pls. London."
"Stanoiu, I., B. Bobirnac, and S. Copacescu",1979,"Fluturi din Romania. Scrisul Romanesc, Craiova, 294 pp."
"Staudinger, O.",1885,Einige neue Lepidopteren des europaischen Faunengebietes. Stett. ent. Z. 46: 349–352.
"Steuer, H.",1988,"Die Mitteleuropaischen Arten der Gattungen Teleiodes Sattler, 1960 und Exoteleia"
"Svensson, I. ",1962,Nordiska Bryotropha Hein. Flora og Fauna 68: 61–69.
"Svensson, I. ",1976,Anmarkningsvarda fynd av Microlepidoptera Sverige 1975. Ent. Tidskr. 97(3–4): 124–134.
"Svensson, I. ",1977,Anmarkningsvarda fynd av Microlepidoptera Sverige 1976. Ent. Tidskr. 98: 37–43.
"Svensson, I. ",1980,Remarkable finds of Microlepidoptera in Sweden 1979. Ent. Tidskr. 101: 75–86.
"Svensson, I. ",1985,Anmarkningsvarda fynd av Microlepidoptera Sverige 1984. Ent. Tidskr. 106: 71–82.
"Svensson, I. ",1991,Anmarkningsvarda fynd av Microlepidoptera Sverige 1990. Ent. Tidskr. 112: 65–72.
"Svensson, I. ",1992,"Monochroa inflexella n. sp. (Lepidoptera, Gelechiidae). Ent. Tidskr. 113: 47–51."
"Svensson, I. ",1993,Anmarkningsvarda fynd av Microlepidoptera Sverige 1993. Ent. Tidskr. 115(1–2): 45–52.
"Svensson, I. ",1995,Anmarkningsvarda fynd av Microlepidoptera Sverige 1995. Ent. Tidskr. 117(1–2): 49–57.
"Szaboky, Cs. ",1996,Molyfaunisztikai ujdonsagok II (New faunistic data of moth species from Hungary II). Folia ent. hung. 57: 309–313.
"Szaboky, Cs. ",1998,Molyfaunisztikai ujdonsagok III (New faunistic data of moth species from Hungary III). Folia ent. hung. 59: 305–308.
"Szocs, J.",1971,"A lepkehernyok termeszetes tapnovenyei, II. Fol. ent. hung. 24: 443–463."
"Szocs, J.",1977,"Lepidoptera – Aknak es gubacsok – Hyponomia et Cecidia Lepidoptorum. Fauna Hung. 16, 424 pp. Budapest."
"Sulcs, A.",1968,"Ein weitverbreiteter Fichtenblutenschadling, Acanthophila piceana n. sp. (Lepidoptera, Gelechiidae), in Lettland. Dtsch. Ent. Z. (N.F.) 15(4/5): 427–430."
"Sulcs, A. and I. Sulcs",1981,"Monochroa simplicella (Lienig & Zeller, 1846), eine verkannte Art (Lepidoptera, Gelechiidae). Notulae Entomol. 61: 67–70."
"Sulcs, A. and I. Sulcs",1987,Neue und wenig bekannte Arten der Lepidopteren–Fauna Lettlands. 11. Mitteilung. Notulae Entomol. 67: 141–145.
"Sulcs, A. and I. Sulcs",1989,Neue und wenig bekannte Arten der Lepidopteren–Fauna Lettlands. 12. Mitteilung. Notulae Entomol. 69: 67–72.
"Sumpich, J. and M. Dvorak",1997,"Motyli (Lepidoptera) udoli reky Brtnice (Ceskomoravska vrchovina, okr. Juhlava). Vlastived. Sbor. Vysociny, Oddil Ved Prir., Jihlava 13(1997): 111–153."
"Tilden, J.W. ",1951,"Microlepidoptera associated with Baccharis pilularis II. Tortricidae, Phaloniidae, Gelechiidae. Wasmann J. Biol. (San Francisco) 9: 239–254."
"Tokar, Z. and A. Reiprich",1986,"Nove nalezy motyl’ov z oblast’ Slovenskeho raja. Zbor. Vychodoslov. Muz., Prir. Vedy, Kosice 27: 127–135."
"Tokar, Z. and A. Reiprich",1989,"Nove nalezy motyl‚Äôov pre oblast‚Äô Slovenskeho raja a okolia Spisskej Novej Vsi z rokov 1986–1988. Zbor. Vychodoslov. Muz., Prir. Vedy, Kosice 30: 71–81."
"Tokar, Z., F. Slamka, and G. Pastoralis",1996,New and remarkable records of Lepidoptera from Slovakia in 1994. Entomofauna carpathica 8(3): 88–107.
"Treitschke, F.",1833,"Schaben. In F. Ochsenheimer, Die Schmetterlinge von Europa. Band 9. Leipzig. E. Fleischer. 262 pp."
"Turner, A.J. ",1919,The Australian Gelechianae. Proc. Roy. Soc. Queensld. (Brisbane) 31: 108–172.
"Ueda, T.",1995,"The Genus Helcystogrmma (Lepidoptera, Gelechiidae) of Japan. Jpn. J. Ent. 63(2): 377–387."
"Ueda, T.",1997,"A revision of the Japanese species of the genus Anarsia Zeller (Lepidoptera, Gelechiidae). Tyo to Ga 48(2): 73–93."
"Ueda, T. and Y. Fujiwara",2005,"A new species of the genus Thiotricha (Lepidoptera, Gelechiidae) associated with Symplocos prunifolia (Symplocaceal), with a biological note on immature stages and a taxonomic comment on the Japanese Thiotricha species. Trans. Lepid. Soc. Japan 56(1): 73–84."
"Ueda, T., T. Ohno, and T. Hirowatari",1999,"The occurrence of Chorivalva bisaccula Omelko (Lepidoptera, Gelechiide) in Japan. Trans. lepid. Soc. Japan 50(1): 57–59."
"Ueda, T. Y. Yamate, and I. Sagara",1995,"Gelechiid fauna of Asa Town, Asakita–ku, Hiroshima City. Tyo to Ga 46(3): 129–136, 145–152."
"Varenne, T. and J. Nel",2020,Descriptions d'Elachista laurikailai sp. n. et de Stomopteryx pyrenaella sp. n. Revue d ƒæAssociation Roussillonnaise ƒèEntomologie. 29(3): 208–214.
"Vargas, H.A. ",2022,"Scrobipalpulopsis aguilaensis sp. nov. (Lepidoptera, Gelechiidae), the first representative of the genus discovered in the Atacama Desert, northern Chile. ZooKeys 1114: 105–119."
"Vavra, J., I. Novak, J. Liska, and J. Skyva",1996,Motyli fauna prirodni rezervace “Hradcanske rybniky” u Mimone (Lepidopteran fauna of the nature reserve “Hradcanske rybniky” near Mimon) (Lepidoptera). Klapalekiana 32: 89–121.
"Vives Moreno, A. ",1994,"Catalogo sistematico y sinonimico de loslepidopteros de la Peninsula Iberica y Baleares (Insecta: Lepidoptera) (Segunda Parte). Ministerio de Agricultura, Pesca y Alimentacion, Madrid, 775 pp."
"Vlach, V.",1938,Prispevek k soupisu ceskych Microlepidopter. Cas. Cs. Spolec. Entomol. 35: 29–30.
"Walker, F.",1864,"List of the specimens of the lepidopterous insects in the collection of the British Museum 29: Tineites, pp. IV+564+835. London."
"Wallengren,",1881,"(Insecta, Lepidoptera, Gelechiidae). Rudolstadter nat. hist. Schr. 1: 77–88."
"Walsingham, L. [De Grey, T.] ",1989,"Monograph of the genera correcting Tinaegeria, Wlk., with Eretmocera, Z. Transactions of the Entomological Society of London 1989: 1–40, pl. 1–6."
"Walsingham, L. [De Grey, T.] ",1892,"On the micro–lepidoptera of the West Indies. Proceedings of the Zoological Society of London 1891: 492–549, pl. 41.z"
"Walsingham, T. de G. ",1897,"Revision of the West Indian Micro–lepidoptera, with descriptions of new species. Proc. Zool. Soc. London 1897: 54–182."
"Weber, P.",1948,"Flügelform und Geäder der europäischen Gelechiidae. Mitteilungen der Schweizerischen Entomologischen Gesellschaft 21 (2): 215–232, pl. 1–16."
"Wolff, N.L.",1958,"Further Notes on the Stomopteryx Group (Lep., Gelechiidae). Ent. Meddr. 28: 224–281."
"Yang, J.",1977,Moths of China. 299. Beijing.
"Zeller, P.C. ",1839,"Versuch einer naturgemassen Einteilung der Schaben. Isis, Jena 1838: 167–220."
"Zimmerman, E.",1978,"Microlepidoptera. Insects of Hawaii 9: [i–xx], 1–1903. University of Hawaii Press, Honolulu."