Gelechiidae species name,GBIF taxonKey,Host Plants
Acanthophila bimaculata (Liu & Qian),12177642,Cunninghamia lanceolata
Acompsia antirrhinella MilliÃƒÂ¨re,1852185,Antirrhinum asarina
Acompsia tripunctella Denis & Schiff.,,Antirrhinum majus; Plantago
Agnippe biscolorella Chambers,1847975,Gleditsia
Agnippe evippeella Busck,11775947,Aeschynomene americana
Altenia scriptella Hubner,4527972,Acer campestre
Amblypalpis,,Tamarix
Amblypalpis olivierella Ragonot,1851199,Tamarix; Tamarix aphylla; Tamarix dioica
Amblypalpis tamaricella Danilevsky,1851200,Tamarix
Anacampsis,,Rhus
Anacampsis agrimoniella Clemens,1848274,Agrimonia; Agrimonia eupatoria; Agrimonia gryposepala
Anacampsis argyrothamniella Busck,1848365,Argythamnia blodgettii
Anacampsis blattariella Hubner,1848356,Betula
Anacampsis cornifer Walsingham,1848344,Croton flavens
Anacampsis fragariella Busck,1848279,Fragaria
Anacampsis hirsutella Constant,1848333,Dorycnium hirsutum
Anacampsis humilis Hodges,1848296,Trifolium repens
Anacampsis innocuella Zeller,1848278,Alnus; Betula papyrifera; Populus; Populus alba; Populus balsamifera; Populus grandidentata; Populus nigra; Populus tremuloides; Populus x canadensis; Prunus virginiana; Salix
Anacampsis insularis Walsingham,1848262,Hibiscus rosa-sinensis
Anacampsis karmeliella Amsel,1848254,Crataegus
Anacampsis lacteusochrella Chambers,1848350,Croton californicus
Anacampsis lagunculariella Busck,1848331,Laguncularia racemosa
Anacampsis lupinella Busck,1848260,Lupinus; Lupinus perennis
Anacampsis meibomiella Forbes,1848348,Desmodium tortuosum; Phaseolus lunatus
Anacampsis mongolicae Park,1848329,Quercus cerris; Quercus mongolica
Anacampsis niveopulvella Chambers,1848312,Acer negundo; Alnus; Populus; Populus alba; Populus balsamifera; Populus balsamifera trichocarpa; Populus grandidentata; Populus tremuloides; Quercus garryana; Salix
Anacampsis nonstrigella Busck,1848293,Aster
Anacampsis obscurella Denis & Schiff.,,Prunus
Anacampsis okui Park,1848268,Quercus acutissima; Quercus serrata; Quercus variabilis
Anacampsis populella Clerck,1848273,Betula; Betula alba; Betula pubescens; Populus; Populus tremula; Salix; Salix repens
Anacampsis quercella ChrÃ©tien,,Quercus
Anacampsis rhoifructella Clemens,1848343,Populus; Rhus; Rhus typhina; Viburnum; Viburnum dentatum
Anacampsis rivalis Meyrick,1848307,Terminalia bellirica
Anacampsis sacramenta Keifer,1848297,Salix hindsiana; Salix sessilifolia
Anacampsis scintillella Fischer v. RÃ¶sl.,,Helianthemum
Anacampsis temerella Lienig & Zeller,1848314,Salix; Salix repens
Anacampsis trifoliella Constant,1848330,Trifolium repens
Anacampsis tristrigella Walsingham,1848322,Corylus; Corylus americana; Ostrya virginiana
Anarsia,,Aegiceras corniculatum; Albizia saman; Dichrostachys cinerea; Dimocarpus longan; Duabanga moluccana; Litchi chinensis; Macadamia; Mangifera indica; Manilkara zapota; Paraserianthes falcataria; Prosopis farcta
Anarsia acaciae Walsingham,1847594,Acacia; Acacia nilotica; Acacia xanthophloea
Anarsia acerata Meyrick,1847675,Cajanus cajan; Cassia fistula
Anarsia aleurodes Meyrick,1847664,Populus
Anarsia altercata Meyrick,1847649,Sesbania
Anarsia amegarta Meyrick,1847619,Albizia
Anarsia arachniota Meyrick,1847654,Acacia nilotica; Tamarix
Anarsia bimaculata Ponomarenko,11702662,Maackia amurensis
Anarsia bipinnata Meyrick,1847629,Acer ginnala; Ageratum houstonianum; Elaeagnus umbellata; Quercus
Anarsia citromitra Meyrick,1847665,Acacia nilotica
Anarsia didymopa Meyrick,1847620,Capparis zeylanica
Anarsia dryinopa Lower,1847607,Acacia dodonaeifolia
Anarsia eleagnella Kuznetsov,1847671,Elaeagnus; Hippophae
Anarsia ephippias Meyrick,1847655,Acacia; Arachis hypogaea; Caesalpinia; Cajanus; Cajanus cajan; Glycine max; Indigofera; Mangifera indica; Mimosa rubicaulis; Phaseolus; Vigna aconitifolia; Vigna mungo; Vigna radiata; Vigna unguiculata cylindrica
Anarsia epotias Meyrick,1847626,Anacardium occidentale; Cinnamomum; Mangifera indica; Tamarix
Anarsia eutacta Meyrick,1847677,Loranthus
Anarsia guiera Bradley,1847603,Guiera senegalensis
Anarsia halimodendri Christoph,1847680,Ammodendron eichwaldii
Anarsia idioptila Meyrick,1847651,Cassia fistula
Anarsia isogona Meyrick,1847621,Schima
Anarsia lineatella Zeller,1847640,Acer tataricum; Fragaria; Malus; Mangifera indica; Prunus; Prunus armeniaca; Prunus domestica; Prunus dulcis; Prunus persica; Prunus spinosa
Anarsia melanchropa Meyrick,1847667,Acacia gageana; Acacia sinuata
Anarsia molybdota Meyrick,1847622,Acacia decurrens
Anarsia nigricana Park,11761243,Glycine max
Anarsia nr. acaciae Walsingham,,Acacia tortilis
Anarsia nr. reciproca Meyrick,,Acacia nilotica
Anarsia omoptila Meyrick,1847657,Cajanus cajan
Anarsia patulella Walker,1847641,Coriaria nepalensis; Eugenia aquea; Nephelium; Prunus salicina; Tamarindus; Xylocarpus
Anarsia protensa Park,6133371,Elaeagnus pungens
Anarsia reciproca Meyrick,1847632,Acacia catechu; Acacia farnesiana; Acacia nilotica
Anarsia retamella ChrÃ©tien,,Retama raetam
Anarsia sagittaria Meyrick,1847604,Ziziphus mauritiana
Anarsia sagmatica Meyrick,1847682,Dendrophthoe glabrescens; Loranthus
Anarsia sp.,,Acacia stenocarpa
Anarsia spartiella Schrank,,Cytisus; Cytisus scoparius; Genista; Genista tinctoria; Lembotropis nigricans; Ulex
Anarsia triaenota Meyrick,1847633,Acacia farnesiana; Acacia nilotica
Anarsia trichodeta Meyrick,1847618,Acacia
Anarsia tricornis Meyrick,1847605,Trema amboinensis
Anarsia triglypta Meyrick,1847683,Acacia catechu
Anarsia veruta Meyrick,1847624,Pithecellobium dulce
Anasphaltis renigerella Zeller,,Melissa officinalis
Anisoplaca achyrota Meyrick,1849010,Gaya lyallii
Anisoplaca ptyoptera Meyrick,1849008,Ulex europaeus
Anthistarcha binocularis Meyrick,1849248,Anacardium occidentale
Apatetris,,Tamarix kotschyi
Apatetris agenjoi GozmÃ¡ny,,Lithodora fruticosa
Apatetris caecivaga Meyrick,1849044,Tamarix aphylla
Apatetris echiochilonella ChrÃ©tien,,Echiochilon fruticosum
Apatetris halimilignella Walsingham,1849063,Atriplex halimus
Apatetris melanombra Meyrick,,Celmisia; Olearia avicenniaefolia
Apatetris miarodes Meyrick,,Lomandra
Apodia bifractella Duponchel,1849104,Aster tripolium; Conyza; Inula; Pulicaria
Aponoea obtusipalpis Walsingham,1849145,Limoniastrum guyonianum
Aponoea pruinosella ChrÃ©tien,,Limonium pruinosum
Apotistatus leucostictus Walsingham,1849488,Limoniastrum guyonianum
Aproaerema anthyllidella Hubner,1848219,Anthyllis; Glycine max; Medicago sativa; Onobrychis; Trifolium
Aproaerema modicella Deventer,1848220,Arachis hypogaea; Cajanus cajan; Glycine max; Glycine soja; Indigofera hirsuta; Lablab purpureus; Medicago sativa; Rhynchosia minima; Spermacoce articularis; Teramnus labialis; Vigna mungo; Vigna radiata; Vigna umbellata
Ardozyga albifrons Turner,,Eucalyptus
Ardozyga amblopis Meyrick,10435153,Eucalyptus
Ardozyga blacica Turner,,Eucalyptus
Ardozyga compsochroa Meyrick,10287001,Correa speciosa
Ardozyga lithina Lower,11864541,Dodonaea lobulata
Ardozyga mesachra Lower,10605756,Eucalyptus
Ardozyga mesochra Lower,10605756,Eucalyptus; Eucalyptus paniculata
Ardozyga nyctias Meyrick,9977181,Eucalyptus maculata
Ardozyga odorifera Meyrick,10292172,Eucalyptus
Ardozyga sp.,,Melaleuca quinquenervia
Argolamprotes micella Denis & Schiff.,,Rubus; Rubus idaeus; Rumex
Argyrolacia bifida Keifer,1850755,Ceanothus
Aristotelia,,Baccharis; Lantana montevidensis
Aristotelia adceanotha Keifer,5122105,Ceanothus cuneatus
Aristotelia adenostomae Keifer,5122092,Adenostoma fasciculatum
Aristotelia amelanchierella Braun,5122080,Amelanchier alnifolia
Aristotelia argentifera Busck,5122170,Baccharis pilularis; Ericameria ericoides
Aristotelia articulata Meyrick,5122148,Ammannia
Aristotelia benedenii Weyenbergh,5122082,Mimosa; Polygonum
Aristotelia brizella Treitschke,5122113,Armeria; Limonium; Limonium vulgare
Aristotelia corallina Walsingham,5122121,Acacia farnesiana
Aristotelia decurtella Hubner,5122176,Rosa spinosissima; Sanguisorba
Aristotelia eldorada Keifer,5122072,Adenostoma fasciculatum
Aristotelia ericinella Zeller,5122037,Calluna
Aristotelia eupatoriella Busck,5122115,Eupatorium villosum
Aristotelia frankeniae Walsingham,5122108,Frankenia pulverulenta
Aristotelia fungivorella Clemens,5122095,Salix; Salix exigua
Aristotelia galeotis Meyrick,5122091,Glochidion; Mallotus
Aristotelia ivae Busck,5122151,Baccharis halimifolia; Baccharis neglecta; Iva; Iva frutescens
Aristotelia lespedezae Braun,,Lespedeza hirta
Aristotelia mesotenebrella Park,9855730,Securinega suffruticosa
Aristotelia minimella sensu Forbes,5122171,Quercus coccinea/rubra
Aristotelia multistrigella Ragonot,11900024,Rhanterium adpressum
Aristotelia palamota Meyrick,5122103,Ammannia; Rotala
Aristotelia pancaliella Staudinger,5122090,Frangula alnus
Aristotelia physaliella Chambers,,Physalis; Physalis viscosa
Aristotelia psoraleae Braun,5122111,Orbexilum onobrychis
Aristotelia pudibundella Zeller,9259123,Malus; Malus sylvestris
Aristotelia pullusella Chambers,,Polygonum; Quercus
Aristotelia rhamnina Keifer,5122155,Frangula californica californica
Aristotelia rhoisella Busck,5122143,Rhus
Aristotelia robusta Braun,12159276,Scirpus; Scirpus atrovirens
Aristotelia roseosuffusella Clemens,5122131,Pithecellobium unguis-cati; Rhus; Rhus coriaria; Salix; Trifolium; Trifolium pratense
Aristotelia rubidella Clemens,5122086,Quercus
Aristotelia salicifungiella Clemens,5122063,Salix; Salix exigua
Aristotelia sp.,,Acacia farnesiana; Baccharis halimifolia; Hibiscus rosa-sinensis; Nicotiana tabacum; Pithecellobium unguis-cati
Aristotelia staticella MilliÃƒÂ¨re,5122130,Limonium delicatulum
Aristotelia subdecurtella Stainton,5122109,Lythrum salicaria; Myriophyllum
Aristotelia subericinella Duponchel,5122096,Coronilla; Genista; Medicago; Medicago sativa
Aristotelia turbida Turner,11760649,Tribulus terrestris
Aristotelia urbaurea Keifer,5122036,Quercus; Quercus douglasii
Aristotelia wachtlii Rogenhofer,,Tamarix
Aristotelia zetetica Meyrick,5122175,Bridelia stipularis
Arla diversella Busck,5122235,Lotus scoparius; Lotus scoparius
Aroga alleriella Busck,1851216,Polygonum glaucum
Aroga argutiola Hodges,1851248,Comptonia peregrina
Aroga aristotelis MilliÃƒÂ¨re,1851234,Anthyllis armata
Aroga eldorada Keifer,11608628,Adenostoma fasciculatum; Artemisia vulgaris
Aroga eriogonella Clarke,1851249,Eriogonum compositum; Eriogonum heracleoides
Aroga flavicomella Zeller,1851240,Prunus spinosa
Aroga gozmanyi Park,11775020,Quercus dentata
Arogalea cristifasciella Chambers,1851300,Quercus; Quercus coccinea/rubra
Aroga mesostrepta (Meyrick),1851252,Quercus mongolica
Aroga rigidae Clarke,1851254,Artemisia rigida
Aroga sp. A,,Eriogonum latifolium
Aroga sp. B,,Eriogonum latifolium
Aroga trialbamaculella Chambers,1851250,Comptonia peregrina; Epigaea; Epigaea repens; Myrtus communis; Quercus; Vaccinium; Vaccinium stamineum
Aroga trilineella Chambers,1851241,Artemisia tridentata
Aroga velocella Zeller,1851220,Rumex acetosella
Athrips fagoniae Walsingham,5122216,Fagonia glutinosa; Fagonia sinaica
Athrips medjella ChrÃ©tien,,Cotoneaster integerrimus
Athrips mouffetella Linnaeus,5122206,Lonicera; Symphoricarpos
Athrips nigricostella Duponchel,5122194,Medicago sativa
Athrips nitrariella ChrÃ©tien,,Nitraria tridentata
Athrips pruinosella Zeller,5122230,Vaccinium myrtillus; Vaccinium uliginosum
Athrips rancidella Herrich-SchÃ¤ffer,,Cotoneaster; Cotoneaster horizontalis; Cotoneaster microphyllus glacialis
Athrips studiosa Meyrick,5122223,Oryza sativa
Athrips tetrapunctella Thunberg,5122190,Lathyrus palustris
Athrips thymifoliella Constant,5122225,Fumana thymifolia
Atremaea lonchoptera Staudinger,1846381,Typha
Battaristis vittella Busck,1847919,Pinus; Pinus echinata; Pinus sylvestris; Pinus taeda
Besciva nr. longitudinella Busck,,Sabal glaucescens; Sabal longepedunculata
Bilobata subsecivella Zeller,1848127,Arachis hypogaea; Glycine max; Phaseolus; Sesamum indicum; Vigna unguiculata
Brachmia,,Acacia nilotica
Brachmia ballotella Amsel,1848394,Ballota
Brachmia blandella Fabricius,4528539,Ulex
Brachmia deltopis Meyrick,1848404,Hibiscus praeteritus
Brachmia inornatella Douglas,1848426,Phragmites
Brachmia insulsa Meyrick,1848383,Andropogon sorghum; Solanum tuberosum
Brachmia japonicella Zeller,,Quercus acutissima; Quercus glauca; Quercus variabilis
Brachmia resoluta Meyrick,1848397,Shorea robusta
Brachyacma palpigera Walsingham,6113139,Cajanus cajan; Crotalaria; Crotalaria incana; Crotalaria retusa; Tephrosia candida; Tephrosia sinapou
Bryotropha basaltinella Zeller,1848717,Tortula muralis
Bryotropha galbanella Zeller,1848753,Solanum tuberosum
Bryotropha plebeiella Zeller,1848688,Lycopersicon
Bryotropha terrella Denis & Schiff.,,Nicotiana
Bucolarcha geodes Meyrick,1848958,Acacia catechu; Albizia lebbeck
Calliprora sexstrigella Chambers,9973217,Prosopis
Capidentalia salicicola Park,10759161,Salix
Capidentalia salicicolella Kuznetsov,10759161,Salix
Carpatolechia deugyusdana (Park),,Quercus mongolica
Carpatolechia nephomicta (Meyrick),11884408,Quercus dentata; Quercus mongolica; Rhus chinensis
Caryocolum alsinella Zeller,1850110,Cerastium arvense; Cerastium fontanum; Cerastium fontanum vulgare; Cerastium semidecandrum; Minuartia verna; Spergularia media
Caryocolum amaurella Hering,1850026,Lychnis viscaria
Caryocolum blandella Douglas,1850108,Stellaria holostea; Stellaria media
Caryocolum blandelloides Karsholt,1850094,Cerastium arvense; Cerastium semidecandrum
Caryocolum blandulella Tutt,1850085,Cerastium pumilum; Cerastium semidecandrum; Cerastium semidecandrum
Caryocolum cassella Walker,1850045,Stellaria nemorum
Caryocolum cauligenella Schmid,1850107,Silene gallica; Silene inaperta; Silene longicilia; Silene nutans; Silene otites; Silene pratensis; Silene vulgaris
Caryocolum fischerella Treitschke,1850114,Saponaria ocymoides; Saponaria officinalis
Caryocolum fraternella Douglas,1850106,Cerastium; Cerastium arvense; Cerastium fontanum; Cerastium semidecandrum ; Stellaria; Stellaria alsine; Stellaria graminea; Stellaria holostea
Caryocolum huebneri Haworth,1850041,Stellaria alsine; Stellaria holostea
Caryocolum inflativorella Klimesch,1850112,Silene vulgaris
Caryocolum interalbicella Herrich-SchÃ¤ffer,,Cerastium arvense
Caryocolum junctella Douglas,1850029,Cerastium arvense; Stellaria; Stellaria media
Caryocolum klosi Rebel,1850103,Stellaria nemorum
Caryocolum kroesmanniella Herrich-SchÃ¤ffer,,Stellaria alsine; Stellaria graminea ; Stellaria holostea; Stellaria media; Stellaria nemorum
Caryocolum laceratella Zeller,1850078,Moehringia ciliata
Caryocolum leucomelanella Zeller,1850038,Dianthus carthusianorum; Dianthus gratianopolitanus; Dianthus seguieri; Dianthus sylvestris; Petrorhagia saxifraga; Silene vulgaris maritima
Caryocolum marmoreum Haworth,1850077,Cerastium fontanum; Cerastium fontanum vulgare; Cerastium semidecandrum; Silene nocteolons
Caryocolum moehringiae Klimesch,1850035,Moehringia bavarica; Moehringia muscosa
Caryocolum mucronatella ChrÃ©tien,,Arenaria laricifolia; Minuartia laricifolia; Minuartia mutabilis; Minuartia setacea; Minuartia verna
Caryocolum oculatella Thomann,1850084,Gypsophila repens
Caryocolum petrophilum Preissecker,1850044,Cerastium
Caryocolum petryi Hofmann,1850143,Gypsophila fastigiata; Gypsophila repens; Stellaria
Caryocolum protecta Braun,1850091,Silene rotundifolia
Caryocolum provinciella Stainton,1850082,Herniaria; Silene nicaeensis
Caryocolum proximum Haworth,1850073,Cerastium fontanum; Stellaria media
Caryocolum repentella ChrÃ©tien,,Gypsophila repens
Caryocolum saginella Zeller,1850081,Silene linoides; Silene saxifraga
Caryocolum schleichi Christoph,1850062,Dianthus arenarius; Dianthus deltoides; Dianthus sylvestris; Dianthus thunbergii
Caryocolum tischeriella Zeller,1850028,Silene nutans
Caryocolum tricolorella Haworth,1850127,Cerastium arvense; Stellaria alsine; Stellaria holostea; Stellaria media
Caryocolum vicinella Douglas,1850076,Cerastium arvense; Petrorhagia saxifraga; Silene nutans; Silene vulgaris; Silene vulgaris maritima; Spergularia rubra; Stellaria media
Caryocolum viscariella Stainton,1850047,Cucubalus baccifer; Lychnis viscaria; Silene; Silene alba; Silene dioica; Silene vulgaris
Caulastrocecis gypsella Constant,1850513,Aster sedifolius sedifolius
Cecidophaga tamaricicola Walsingham,11444663,Tamarix
Chionodes abella Busck,1850948,Abies concolor; Pseudotsuga menziesii
Chionodes acrina Keifer,1851034,Quercus; Quercus agrifolia
Chionodes bicostomaculella Chambers,1850890,Quercus; Quercus coccinea/rubra
Chionodes braunella arborei Keifer,1851017,Lupinus albifrons; Lupinus arboreus
Chionodes braunella Keifer,1851017,Lathyrus; Lathyrus sulphureus; Lathyrus vestitus; Lupinus; Lupinus albifrons; Lupinus chamissonis; Lupinus ornatus; Lupinus versicolor
Chionodes ceanothiella Busck,1850928,Ceanothus; Ceanothus sanguineus; Ceanothus thyrsiflorus
Chionodes chrysopyla Keifer,1850871,Quercus agrifolia; Quercus dumosa; Quercus kelloggii; Quercus lobata; Quercus wislizeni
Chionodes continuella Zeller,1851000,Cladonia; Picea glauca
Chionodes dammersi Keifer,1850940,Eriogonum elongatum; Eriogonum inflatum; Eriogonum latifolium
Chionodes discoocellella Chambers,1850868,Polygonum; Polygonum hydropiperoides; Rumex
Chionodes distinctella Zeller,1850998,Artemisia campestris; Genista; Thymus
Chionodes electella Zeller,1851010,Juniperus; Juniperus communis; Picea; Picea abies; Pinus
Chionodes fondella Busck,1850962,Gnaphalium obtusifolium obtusifolium
Chionodes formosella Murtfeldt,1850935,Quercus; Quercus alba; Quercus douglasii; Quercus lobata; Quercus macrocarpa; Quercus rubra
Chionodes fumatella Douglas,1850878,Lotus corniculatus
Chionodes fuscomaculella Chambers,1850904,Quercus; Quercus coccinea/rubra
Chionodes gilvomaculella Clemens,1851031,Quercus
Chionodes hibiscella Busck,1850903,Abelmoschus moschatus; Hibiscus; Hibiscus laevis; Hibiscus moscheutos
Chionodes lugubrella Fabricius,1851011,Dorycnium pentaphyllum; Lotus; Lotus corniculatus; Trifolium repens; Vicia cracca
Chionodes luteogeminata Clarke,1850936,Eriogonum niveum
Chionodes mariona Heinrich,1850922,Abutilon; Malvastrum; Sida
Chionodes mediofuscella Clemens,1850908,Ambrosia; Ambrosia trifida
Chionodes negundella Heinrich,,Acer negundo
Chionodes occidentella Chambers,1850917,Ceanothus; Ceanothus oliganthus sorediatus; Ceanothus thyrsiflorus; Cercocarpus; Cercocarpus montanus glaber; Quercus agrifolia; Quercus douglasii; Quercus kelloggii; Quercus lobata
Chionodes ochreostrigella Chambers,1850873,Rumex; Rumex crispus
Chionodes pereyra Clarke,1851002,Quercus coccinea/rubra
Chionodes periculella Busck,1850977,Pinus ponderosa; Pseudotsuga menziesii
Chionodes petalumensis Clarke,1850915,Quercus lobata
Chionodes psiloptera Barnes & Busck,1850974,Poa pratensis
Chionodes raspyon Hodges MS,,Quercus agrifolia; Quercus douglasii; Quercus durata; Quercus garryana; Quercus kelloggii; Quercus lobata; Quercus wislizeni
Chionodes retiniella Barnes & Busck,1850965,Pinus ponderosa
Chionodes sabinianae Powell,1850926,Pinus sabiniana
Chionodes sistrella Busck,1850997,Suaeda moquinii
Chionodes sp.,,Quercus kelloggii; Quercus lobata; Quercus vacciniifolia X chrysolepis
Chionodes sp. 1,,Quercus coccinea/rubra
Chionodes sp. 35,,Quercus coccinea/rubra
Chionodes sp. 36,,Quercus coccinea/rubra
Chionodes sp. A,,Sidalcea malviflora
Chionodes sp. B,,Eriogonum latifolium; Lupinus arboreus; Phacelia californica; Solidago simplex
Chionodes terminimaculella Kearfott,1850950,Populus balsamifera; Populus tremuloides
Chionodes thoraceochrella Chambers,1850923,Quercus coccinea/rubra; Quercus rubra
Chionodes tragicella Heyden,1850895,Larix
Chionodes trichostola Meyrick,1851037,Quercus; Quercus douglasii; Quercus dumosa; Quercus garryana; Quercus kelloggii; Quercus lobata; Quercus wislizeni
Chionodes trophella Busck,1851009,Quercus
Chionodes vanduzeei Keifer,,Quercus agrifolia
Chionodes viduella Fabricius,1850971,Betula nana; Betula pendula; Juniperus; Rubus chamaemorus; Vaccinium uliginosum
Chorivalva grandialata Omelko,1852364,Quercus aliena; Quercus dentata
Chorivalva unisaccula Omelko,1852366,Quercus mongolica
Chrysoesthia boseae Walsingham,1851355,Bosea yervamora
Chrysoesthia drurella Fabricius,1851347,Atriplex; Chenopodium; Hierochloe; Milium
Chrysoesthia eppelsheimi Staudinger,1851350,Silene nutans
Chrysoesthia gaditella Staudinger,1851360,Atriplex halimus
Chrysoesthia halymella Amsel,1851351,Atriplex halimus
Chrysoesthia lingulacella Clemens,1851353,Chenopodium; Chenopodium album
Chrysoesthia sexguttella Thunberg,1851337,Atriplex; Chenopodium; Chenopodium album; Chenopodium album var. centrorubrum
Chrysoesthia stipella Hubner,1851356,Atriplex; Chenopodium
Coconympha iriarcha Meyrick,1852328,Calamus manan; Cocos nucifera; Mangifera indica
Coleotechnites,,Abies concolor; Pseudotsuga menziesii
Coleotechnites albicostata Freeman,1851428,Juniperus; Juniperus virginiana
Coleotechnites alnifructella Busck,1851421,Alnus; Corylus
Coleotechnites apicitripunctella Clemens,1851411,Taxodium distichum; Tsuga; Tsuga canadensis
Coleotechnites ardas Freeman,1851430,Pinus contorta; Pinus engelmannii
Coleotechnites atrupictella Dietz,1851462,Abies balsamea; Abies grandis; Abies lasiocarpa; Picea glauca; Picea mariana; Picea rubens; Picea sitchensis; Pinus contorta; Pinus engelmannii; Pinus ponderosa; Pseudotsuga menziesii; Tsuga heterophylla
Coleotechnites australis Freeman,1851452,Juniperus; Juniperus virginiana
Coleotechnites bacchariella Keifer,1851443,Baccharis pilularis
Coleotechnites biopes Freeman,1851434,Pinus contorta
Coleotechnites blastovora McLeod,1851426,Picea; Picea glauca
Coleotechnites canusella Freeman,1851418,Picea mariana; Pinus banksiana; Pinus contorta; Pinus engelmannii
Coleotechnites carbonaria Freeman,1851456,Juniperus
Coleotechnites chilcotti Freeman,,Pinus palustris
Coleotechnites citriella Chambers,1851446,Citrus; Citrus sinensis
Coleotechnites colubrinae Busck,1851437,Colubrina texensis
Coleotechnites condignella Busck,1851429,Pinus; Pinus ponderosa
Coleotechnites coniferella Kearfott,1851412,Pinus; Pinus banksiana
Coleotechnites ducharmei Freeman,1851449,Picea; Picea glauca; Picea mariana; Picea rubens
Coleotechnites edulicola Hodges & Stevens,1851440,Pinus edulis
Coleotechnites eryngiella Bottimer,1851415,Eryngium aquaticum
Coleotechnites florae Freeman,1851453,Pinus contorta; Pinus engelmannii; Pinus resinosa
Coleotechnites gallicola Busck,1851444,Salix; Salix lasiolepis
Coleotechnites gibsonella Kearfott,1851435,Juniperus; Juniperus communis
Coleotechnites granti Freeman,1851419,Abies; Abies grandis
Coleotechnites huntella Keifer,1851408,Rhododendron; Rhododendron occidentale
Coleotechnites juniperella Kearfott,1851447,Juniperus; Juniperus communis
Coleotechnites laricis Freeman,1851422,Larix; Larix laricina
Coleotechnites lewisi Freeman,1851413,Pinus flexilis
Coleotechnites mackiei Keifer,1851461,Arctostaphylos; Arctostaphylos glauca
Coleotechnites macleodi Freeman,1851450,Tsuga canadensis
Coleotechnites martini Freeman,1851441,Picea; Picea abies; Picea glauca
Coleotechnites milleri Busck,1851432,Pinus contorta; Pinus contorta murrayana; Pinus jeffreyi
Coleotechnites moreonella Heinrich,1851416,Pinus ponderosa
Coleotechnites nigritus Hodges,1851464,Hypericum; Hypericum suffruticosum
Coleotechnites obliquistrigella Chambers,,Abies; Juniperus virginiana
Coleotechnites occidentis Freeman,1851427,Juniperus scopulorum; Juniperus virginiana
Coleotechnites piceaella Kearfott,1851409,Abies; Picea; Picea abies; Picea glauca; Picea mariana; Picea pungens; Picea rubens
Coleotechnites pinella Busck,1851438,Pinus ponderosa
Coleotechnites ponderosae Hodges & Stevens,1851414,Pinus; Pinus ponderosa
Coleotechnites quercivorella Chambers,1851451,Quercus; Quercus coccinea/rubra
Coleotechnites resinosae Freeman,11813517,Pinus; Pinus banksiana; Pinus resinosa
Coleotechnites sp.,,Photinia arbutifolia; Prunus ilicifolia
Coleotechnites stanfordia Keifer,1851425,Cupressus macrocarpa
Coleotechnites starki Freeman,1851417,Pinus contorta
Coleotechnites thujaella Kearfott,1851407,Thuja; Thuja occidentalis
Coleotechnites vagatioella Chambers,1851445,Liquidambar; Liquidambar styraciflua
Coleotechnites variella Chambers,1851458,Taxodium; Taxodium distichum
Compsolechia crescentifasciella Chambers,1851982,Krameria; Krameria lanceolata
Compsolechia mangelivora Walsingham,1852042,Rhizophora mangle
Compsolechia seductella Walker,1851942,Clidemia hirta
Compsolechia sp.,,Qualea grandiflora
Compsolechia sp. 1,,Qualea grandiflora; Qualea multiflora; Qualea parviflora
Compsolechia sp. 4,,Miconia pholiana
Cosmardia moritzella Hubner,1848657,Silene dioica
Crasimorpha infuscata Hodges,1851467,Schinus terebinthifolius
Cymotricha melissia Walsingham,,Ipomoea batatas
Dactylethrella candida Stainton,1850208,Indigofera; Tephrosia purpurea
Dactylethrella tegulifera Meyrick,,Quercus; Quercus acutissima; Quercus salicina; Quercus serrata; Quercus variabilis
Deltophora fuscomaculata Park,1849463,Securinega suffruticosa
Deltophora peltosema Lower,1849472,Flueggea virosa
Dendrophilia caraganella Ponomarenko,12040540,Caragana ussuriensis
Dendrophilia leguminella Ponomarenko,11981975,Lespedeza bicolor
Dendrophilia mediofasciana Park,,Lespedeza bicolor
Dendrophilia neotaphronoma Ponomarenko,10893208,Lespedeza bicolor
Dendrophilia unicolorella Ponomarenko,11940789,Lespedeza bicolor
Dichomeris,,Anacardium occidentale; Coffea; Dalbergia sissoides; Duabanga moluccana; Indigofera spicata; Ribes; Rubia; Tephrosia candida; Terminalia ivorensis
Dichomeris acuminatus Staudinger,1847111,Aeschynomene americana; Cajanus; Cajanus cajan; Codariocalyx gyroides; Cyamopsis; Cyamopsis tetragonoloba; Desmodium; Desmodium gyroides; Glycine max; Indigofera; Indigofera pseudotinctoria; Indigofera tinctoria; Lotus rectus; Medicago; Medicago sativa; Pisum sativum; Sesbania; Sesbania sericea; Sesbania sesban; Tephrosia; Tephrosia candida; Tephrosia maxima; Tephrosia purpurea; Tephrosia toxicaria; Tephrosia vogelii; Trifolium pratense; Trifolium repens
Dichomeris adelocentra Meyrick,1846982,Bridelia tomentosa
Dichomeris aenigmatica Clarke,1846969,Pluchea odorata
Dichomeris aglaia Hodges,1846914,Eupatorium capillifolium
Dichomeris agonia Hodges,1847506,Aster; Oenothera; Solidago
Dichomeris alacella Zeller,1847296,Picea
Dichomeris aleatrix Hodges,1847446,Helianthus; Helianthus hirsutus; Helianthus pauciflorus pauciflorus; Solidago
Dichomeris allantopa Meyrick,1847433,Dalbergia sissoides
Dichomeris antisticha Meyrick,1847164,Terminalia tomentosa
Dichomeris antisticta Meyrick,,Terminalia tomentosa
Dichomeris atomogypsa Meyrick,1846930,Quercus acutissima; Quercus cerris; Quercus dentata; Quercus serrata; Quercus variabilis
Dichomeris autometra Meyrick,1847394,Lithospermum
Dichomeris barbella Hubner,9157314,Prunus domestica; Prunus spinosa
Dichomeris barymochla Meyrick,1847324,Helicteres isora
Dichomeris baxa Hodges,1847311,Heterotheca sessiliflora bolanderi; Lessingia filaginifolia
Dichomeris bilobella Zeller,1847274,Aster; Solidago; Solidago flexicaulis
Dichomeris bipunctella Walsingham,1847251,Comptonia peregrina; Myrica pensylvanica
Dichomeris bisignella Snellen,1847242,Mallotus philippensis
Dichomeris bolize Hodges,1847183,Brassica
Dichomeris brachyptila Meyrick,1847135,Indigofera spicata
Dichomeris capnites Meyrick,1847066,Acronychia
Dichomeris chlanidota Meyrick,1847411,Acalypha boehmerioides; Tragia hirsuta
Dichomeris cisti Staudinger,1847293,Cistus albidus
Dichomeris citrifoliella Chambers,1847269,Citrus; Citrus aurantium; Citrus sinensis; Ptelea trifoliata; Zanthoxylum; Zanthoxylum americanum
Dichomeris claviculata Meyrick,1847236,Combretum
Dichomeris condaliavorella Busck,1847141,Krugiodendron ferreum; Reynosia latifolia
Dichomeris consertella Christoph,1847106,Corylus heterophylla
Dichomeris copa Hodges,1847059,Solidago
Dichomeris costarufoella Chambers,1847013,Rudbeckia
Dichomeris crepitatrix Meyrick,1846931,Dalbergia sissoo; Millettia auriculata
Dichomeris cuspis Park,,Quercus acuta; Quercus serrata
Dichomeris cymatodes Meyrick,1847489,Sapium sebiferum
Dichomeris decusella Walker,1847429,Croton laevigatus
Dichomeris delotella Busck,1847374,Eupatorium odoratum
Dichomeris derasella Denis & Schiff.,,Crataegus; Malus; Prunus; Rubus
Dichomeris eridantis Meyrick,1847079,Acacia nilotica; Dalbergia sissoo
Dichomeris eucomopa Meyrick,1847044,Bauhinia
Dichomeris euprepes Hodges,1847019,Solidago flexicaulis
Dichomeris eurynotus Walsingham,1847007,Bridelia micrantha
Dichomeris exallacta Meyrick,1846959,Cajanus cajan
Dichomeris fasciella Hubner,1847448,Prunus; Prunus persica; Prunus spinosa
Dichomeris ferruginosa Meyrick,1847412,Sesbania grandiflora
Dichomeris flavocostella Clemens,1847343,Aster; Helianthus; Solidago
Dichomeris fuscalis Park & Hodges,6133362,Wisteria
Dichomeris georgiella Walker,1847166,Quercus; Quercus coccinea/rubra
Dichomeris granivora Meyrick,1847060,Zea mays
Dichomeris hastata Meyrick,11617957,Bambusa
Dichomeris helianthemi Walsingham,1846965,Helianthemum lavandulifolium
Dichomeris holomela Lower,10582852,Angophora; Eucalyptus
Dichomeris hoplocrates Meyrick,11660996,Duchesnea chrysantha; Rubus buergeri; Rubus sieboldii
Dichomeris horoglypta Meyrick,1847375,Indigofera pseudotinctoria
Dichomeris ianthes Meyrick,1847087,Indigofera; Medicago sativa
Dichomeris indiserta Meyrick,1847174,Nephelium lappaceum
Dichomeris inserrata Walsingham,1847149,Helianthus hirsutus; Solidago
Dichomeris intensa Meyrick,1847113,Diospyros kaki
Dichomeris inversella Zeller,1847068,Carya
Dichomeris juncidella Clemens,1846971,Ambrosia; Ambrosia artemisiifolia; Ambrosia trifida; Aralia spinosa; Artemisia tripartita tripartita; Aster; Helianthus tuberosus; Solidago
Dichomeris juniperella Linnaeus,1846916,Juniperus; Juniperus communis
Dichomeris latipennella Rebel,1847413,Picea abies
Dichomeris leptosaris Meyrick,1847344,Corylus heterophylla; Corylus heterophylla heterophylla; Corylus sieboldiana; Quercus mongolica; Quercus mongolica grosseserrata
Dichomeris lespedezae Park,,Lespedeza
Dichomeris leuconotella Busck,1847320,Aster; Aster macrophyllus; Helianthus grosseserratus; Solidago; Solidago caesia; Solidago rugosa; Solidago uliginosa
Dichomeris levisella Fyles,1847259,Aster; Aster cordifolius; Aster macrophyllus; Hieracium aurantiacum; Machaeranthera canescens; Solidago
Dichomeris ligulella Hubner,1847249,Acer saccharum; Betula; Betula papyrifera; Carya; Carya ovata; Castanea dentata; Corylus; Juglans nigra; Malus; Malus coronaria; Malus pumila; Malus sylvestris; Oxydendrum arboreum; Populus grandidentata; Populus tremuloides; Pyrus; Quercus; Quercus alba; Quercus coccinea/rubra; Quercus macrocarpa; Quercus rubra; Tilia; Tilia americana; Vaccinium corymbosum
Dichomeris limbipunctellus Staudinger,1847108,Cistus crispus; Cistus salviifolius
Dichomeris limosellus SchlÃ¤ger,,Medicago sativa; Trifolium; Trifolium pratense
Dichomeris lygropa Lower,1846911,Eucalyptus
Dichomeris marginella Fabricius,1847407,Juniperus; Juniperus chinensis; Juniperus communis; Juniperus horizontalis; Juniperus recurva; Juniperus scopulorum; Juniperus virginiana
Dichomeris mesoctenis Meyrick,1847175,Alchornea ilicifolia
Dichomeris metatoxa Meyrick,1847150,Bauhinia vahlii
Dichomeris microdoxa Meyrick,1847081,Macaranga; Melochia umbellata
Dichomeris microsphena Meyrick,,Bridelia ovata
Dichomeris nenia Hodges,1847463,Indigofera lindheimeriana
Dichomeris nonstrigella Chambers,1847426,Aster; Aster shortii
Dichomeris nr. aenigmatica Clarke,,Ageratum; Parthenium hysterophorus
Dichomeris nr. hemiclina Meyrick,,Parthenium hysterophorus
Dichomeris oceanis Meyrick,1847402,Brassica oleracea capitata; Lithocarpus; Millettia japonica; Quercus; Wisteria; Wisteria brachybotrys; Wisteria floribunda; Wisteria japonica; Wisteria sinensis
Dichomeris ochripalpella Zeller,1847308,Aster; Aster cordifolius; Machaeranthera canescens; Solidago; Solidago canadensis scabra
Dichomeris ochthophora Meyrick,1847260,Eriobotrya japonica; Photinia lucida; Rhaphiolepis umbellata
Dichomeris ostracodes Meyrick,1847075,Derris elliptica
Dichomeris petalodes Meyrick,1847419,Bridelia stipularis
Dichomeris picrocarpa Meyrick,1847327,Pinus strobus; Prunus; Prunus mume; Prunus persica; Prunus pseudocerasus; Prunus yedoensis; Quercus rubra
Dichomeris piperata Walsingham,1847278,Indigofera tinctoria; Medicago sativa; Trifolium; Trifolium subterraneum
Dichomeris quercicola Meyrick,1847393,Lespedeza cyrtobotrya; Quercus; Quercus incana
Dichomeris rasilella Herrich-SchÃ¤ffer,,Artemisia princeps; Artemisia princeps orientalis; Artemisia vulgaris; Centaurea
Dichomeris resignata Meyrick,1847297,Macaranga tanarius
Dichomeris rustica Walsingham,1847042,Indigofera hirsuta
Dichomeris santarosensis Hodges,1847144,Quercus oleoides
Dichomeris schmidiella Heyden,11989838,Origanum
Dichomeris serrativittella Zeller,1846968,Artemisia; Baccharis halimifolia
Dichomeris setosella Clemens,1846945,Aster eatonii; Eupatorium; Pinus strobus; Pluchea; Pluchea odorata; Solidago; Thuja occidentalis; Verbesina virginica; Vernonia
Dichomeris siderosema Turner,1847480,Pongamia pinnata
Dichomeris simpliciella Busck,1847457,Corethrogyne
Dichomeris simpliciella or nr. Busck,,Parthenium hysterophorus
Dichomeris sp.,,Coffea arabica
Dichomeris sp. 1,,Erythroxylum suberosum; Erythroxylum tortuosum
Dichomeris sp. 2,,Erythroxylum deciduum; Erythroxylum tortuosum
Dichomeris sp. 3,,Erythroxylum deciduum; Erythroxylum tortuosum; Myrsine floridana
Dichomeris sp. 4,,Erythroxylum deciduum
Dichomeris sp. 5,,Qualea multiflora
Dichomeris sp. 6,,Ouratea hexasperma
Dichomeris sp. 8,,Erythroxylum deciduum
Dichomeris sparsella Christoph,,Juglans mandshurica; Juglans regia; Pterocarya rhoifolia
Dichomeris stipendiaria Braun,1847291,Aster eatonii; Erigeron; Solidago
Dichomeris tostella Stringer,1847323,Malus dulcissima; Malus pumila; Prunus mume; Prunus persica
Dichomeris trinotella Busck,6133360,Oenothera
Dichomeris ustalella Fabricius,1847097,Acer; Betula; Carpinus; Corylus; Corylus heterophylla; Corylus heterophylla heterophylla; Fagus; Fagus sylvatica; Quercus; Quercus serrata; Salix; Tilia cordata
Dichomeris vacciniella Busck,1847064,Vaccinium; Vaccinium macrocarpon; Vaccinium pallidum
Dichomeris varronia Busck,1847016,Asclepias curassavica
Dichomeris ventrella Fitch,1846992,Betula; Carpinus; Carya; Carya alba; Carya illinoinensis; Castanea dentata; Corylus; Quercus; Quercus coccinea/rubra
Dichomeris vindex Hodges,1847469,Helianthus hirsutus
Dichomeris washingtoniella Busck,1847445,Ambrosia artemisiifolia; Epilobium; Eupatorium; Vernonia missurica
Empedaula insipiens Meyrick,1849503,Breynia vitis-idaea
Encolpotis xanthoria Meyrick,1849114,Coffea; Kerria; Punica granatum
Ephysteris cyrenaica Povolny,1847739,Imperata
Ephysteris ornata Janse,1847741,Osteospermum muricatum
Ephysteris promptella Staudinger,1847727,Andropogon; Oryza; Panicum; Saccharum officinarum; Sorghum; Stipa; Triticum
Ephysteris subdiminutella Stainton,1847761,Balanites aegyptiaca; Tribulus; Tribulus terrestris
Ephysteris zygophyllella Rebel,,Zygophyllum album; Zygophyllum guyotii
Epidola stigma Staudinger,1846374,Vitis
Epimimastis glaucodes Meyrick,1852461,Calophyllum inophyllum
Ethmiopsis tegulifera Meyrick,10259769,Quercus mongolica; Quercus serrata
Eulamprotes atrella Denis & Schiff.,,Hypericum
Eulamprotes phaeella Heckford & Lang.,,Hypericum pulchrum
Eulamprotes wilkella Linnaeus,1846896,Cerastium fontanum; Cerastium fontanum vulgare; Thymus
Eunebristis zingarella Walsingham,1850738,Coccoloba; Coccoloba swartzii; Coccoloba uvifera
Eurysacca melanocampta Meyrick,1848989,Chenopodium quinoa
Eustalodes achrasella Bradley,,Manilkara zapota
Eustalodes anthivora Clarke,11510707,Manilkara zapota
Evippe,,Prosopis ruscifolia
Evippe abdita Braun,1851915,Cercocarpus ledifolius
Evippe albidorsella Snellen,1851903,Lespedeza; Lespedeza bicolor
Evippe evippella Forbes,,Aeschynomene americana
Evippe laudatella Walsingham,,Quercus douglasii; Quercus engelmannii
Evippe prunifoliella Chambers,1851907,Prunus; Prunus americana; Prunus emarginata
Evippe sp.,,Chrysolepis; Lithocarpus; Quercus agrifolia; Quercus chrysolepis; Quercus sadleriana; Quercus tomentella; Quercus wislizeni
Evippe syrictis Meyrick,,Malus pumila; Prunus; Prunus persica
Exoteleia anomala Hodges,1848640,Pinus ponderosa
Exoteleia burkei Keifer,1848646,Pinus; Pinus attenuata; Pinus radiata; Pinus sabiniana
Exoteleia dodecella Linnaeus,1848636,Pinus; Pinus banksiana; Pinus mugo; Pinus nigra; Pinus nigra maritima; Pinus strobus; Pinus sylvestris
Exoteleia graphicella Busck,1848638,Quercus dumosa
Exoteleia nepheos Freeman,1848644,Pinus; Pinus mugo; Pinus resinosa; Pinus sylvestris
Exoteleia pinifoliella Chambers,1848639,Picea abies; Pinus; Pinus banksiana; Pinus contorta; Pinus echinata; Pinus palustris; Pinus ponderosa; Pinus pungens; Pinus resinosa; Pinus rigida; Pinus sylvestris; Pinus virginiana
Faristenia acerella Ponomarenko,11798476,Acer; Acer ginnala
Faristenia furtumella Ponomarenko,10060965,Quercus mongolica
Faristenia geminisignella Ponomarenko,11587655,Acer
Faristenia omelkoi Ponomarenko,11610256,Quercus mongolica
Faristenia polemica Meyrick,11856935,Michelia champaca
Faristenia quercivora Ponomarenko,11704191,Quercus mongolica
Faristenia ussuriella Ponomarenko,11762563,Quercus mongolica
Fascista cercerisella Chambers,1850771,Cercis; Cercis canadensis
Filatima aulaea Clarke,1848497,Purshia glandulosa
Filatima demissae Keifer,1848477,Prunus ilicifolia; Prunus virginiana; Prunus virginiana demissa
Filatima epulatrix Hodges,1848498,Crataegus; Malus; Malus pumila
Filatima frugalis Braun,1848560,Amelanchier alnifolia
Filatima glycyrhizaeella Chambers,1848530,Glycyrrhiza lepidota
Filatima inquilinella Busck,1848478,Salix
Filatima monotaeniella Bottimer,1848561,Acacia farnesiana
Filatima natalis Heinrich,1848531,Arceuthobium; Pinus ponderosa; Pseudotsuga menziesii
Filatima neotrophella Heinrich,1848505,Mimosa asperata
Filatima ornatifimbriella Clemens,1848562,Amorpha fruticosa; Lupinus; Robinia; Thermopsis; Thermopsis rhombifolia montana
Filatima persicaeella Murtfeldt,1848553,Prunus; Prunus gracilis; Prunus persica; Prunus pumila
Filatima pravinominella Chambers,1848495,Populus deltoides; Populus tremuloides; Populus x canadensis
Filatima prognosticata Braun,1848543,Ribes aureum
Filatima pseudacaciella Chambers,1848516,Robinia; Robinia hispida; Robinia pseudoacacia
Filatima saliciphaga Keifer,1848533,Salix sessilifolia
Filatima serotinella Busck,1848569,Prunus; Prunus serotina
Filatima sp.,,Ceanothus thyrsiflorus; Vaccinium pallidum
Filatima sperryi Clarke,,Purshia tridentata
Filatima spurcella Duponchel,,Crataegus; Prunus
Filatima textorella ChrÃ©tien,,Dorycnium pentaphyllum
Filatima xanthuris Meyrick,1848540,Lupinus; Robinia; Thermopsis rhombifolia montana; Vicia
Friseria acaciella Busck,1850729,Acacia
Friseria cockerelli Busck,1850722,Prosopis; Prosopis glandulosa
Frumenta nephelomicta Meyrick,1846314,Solanum elaeagnifolium
Frumenta nundinella Zeller,1846313,Solanum; Solanum carolinense
Gelechia,,Nephelium lappaceum
Gelechia albisparsella Chambers,,Platanus; Platanus occidentalis
Gelechia albomaculata Omelko,1850399,Acer mono
Gelechia anarsiella Chambers,1850358,Ceanothus
Gelechia asinella Hubner,1850346,Salix alba; Salix elaeagnos
Gelechia basipunctella Herrich-SchÃ¤ffer,,Salix; Vicia
Gelechia caudatae Clarke,1850423,Salix lucida caudata
Gelechia conditor Omelko,1850393,Quercus mongolica
Gelechia cuneatella Douglas,1850379,Salix
Gelechia desiliens Meyrick,1850365,Acer pseudoplatanus; Platanus; Platanus occidentalis; Platanus racemosa
Gelechia dyariella Busck,1850281,Populus; Populus deltoides; Populus x canadensis
Gelechia fuscooculata Omelko,1850390,Acer ukurunduense
Gelechia hippophaella Schrank,1850278,Hippophae rhamnoides
Gelechia mandella Busck,1850290,Salix
Gelechia monella Busck,1850429,Ceanothus sanguineus
Gelechia muscosella Zeller,1850386,Populus; Salix; Salix caprea
Gelechia nigra Haworth,1850302,Populus alba; Populus canescens; Populus tremula; Quercus
Gelechia nr. epistolica Meyrick,,Arceuthobium oxycedri
Gelechia panella Busck,1850315,Arbutus; Arbutus menziesii; Arctostaphylos; Arctostaphylos patula
Gelechia paroxynta Meyrick,1850298,Arceuthobium oxycedri
Gelechia pistaciae Filipjev,1850424,Pistacia; Pistacia vera
Gelechia rhombella Denis & Schiff.,,Malus; Malus pumila; Malus sylvestris
Gelechia rhombelliformis Staudinger,1850325,Populus nigra
Gelechia ribesella Chambers,1850312,Ribes; Ribes cereum
Gelechia sabinella Zeller,1850450,Juniperus; Toxicodendron pubescens
Gelechia scotinella Herrich-SchÃ¤ffer,,Prunus spinosa
Gelechia senticetella Staudinger,1850279,Juniperus; Juniperus phoenicea
Gelechia sestertiella Herrich-SchÃ¤ffer,,Acer
Gelechia sororculella Hubner,1850335,Salix
Gelechia stenacma Meyrick,1850371,Anogeissus latifolia
Gelechia teleiodella Omelko,1850327,Quercus mongolica
Gelechia turpella Denis & Schiff.,,Populus; Populus nigra
Gelechia versutella Zeller,1850333,Populus; Populus deltoides; Populus tremuloides; Populus x canadensis
Gladiovalva rumicivorella MilliÃƒÂ¨re,1850666,Rumex scutatus
Glycerophthora clavicularis Meyrick,1850019,Garcinia mangostana
Glyphidocera,,Parthenium hysterophorus
Glyphidocera juniperella Adamski & Brown,9159662,Juniperus horizontalis
Glyphidocera sp.,,Parthenium hysterophorus
Gnorimoschema,,Capsicum annuum; Nicotiana tabacum; Solidago
Gnorimoschema ambrosiaeella Chambers,1851686,Ambrosia trifida; Helianthus giganteus
Gnorimoschema baccharisella Busck,1851670,Baccharis; Baccharis pilularis
Gnorimoschema banksiella Busck,1851747,Corylus; Prunus persica; Solidago
Gnorimoschema busckiella Kearfott,1851676,Aster; Aster patens
Gnorimoschema coquillettella Busck,1851742,Bigelowia; Ericameria pinifolia
Gnorimoschema epithymella Staudinger,1851717,Hyoscyamus; Lycopersicon; Solanum; Solanum melongena; Solanum nigrum; Solanum sisymbriifolium; Solanum tuberosum
Gnorimoschema ericameriae Keifer,1851738,Ericameria ericoides
Gnorimoschema gallaeasterella Kellicott,1851696,Aster; Aster divaricatus; Aster umbellatus; Inula germanica; Psilactis asteroides; Solidago; Solidago caesia; Solidago flexicaulis; Solidago uliginosa uliginosa
Gnorimoschema gallaesolidaginis Riley,1851714,Solidago; Solidago canadensis; Solidago canadensis scabra; Solidago gigantea
Gnorimoschema gibsoniella Busck,1851701,Solidago rigida
Gnorimoschema octomaculella Chambers,1851684,Acamptopappus sphaerocephalus; Ericameria nauseosa
Gnorimoschema salinaris Busck,1851674,Solidago; Solidago sempervirens
Gnorimoschema saphirinella Chambers,1851750,Parthenium hysterophorus
Gnorimoschema septentrionella Fyles,1851720,Aster longifolius
Gnorimoschema sp.,,Baccharis halimifolia; Solanum torvum
Gnorimoschema sp. A,,Solidago simplex
Gnorimoschema sp. B,,Aster; Solidago canadensis
Gnorimoschema spp.,,Nicotiana tabacum
Gnorimoschema subterranea Busck,1851746,Aster; Aster ericoides; Aster ericoides ericoides
Gnorimoschema terracottella Busck,1851732,Iva imbricata
Gnorimoschema washingtoniella Busck,1851728,Ambrosia; Eupatorium
Harpagidia magnetella Staudinger,1847875,Gossypium
Hedma microcasis Meyrick,1847691,Hyoscyamus aureus; Lycium ferocissimum; Rhamnus; Solanum melongena
Helcystogramma,,Eugenia cumini; Oryza sativa
Helcystogramma arotraea Meyrick,1850568,Leersia hexandra; Oryza; Oryza sativa; Sacciolepis; Zizania latifolia
Helcystogramma cerinura Meyrick,1850592,Ipomoea batatas
Helcystogramma chambersella Murtfeldt,1850575,Ambrosia; Ambrosia artemisiifolia; Ambrosia psilostachya; Ambrosia tenuifolia; Parthenium hysterophorus
Helcystogramma convolvuli Walsingham,1850627,Convolvulus arvensis; Ipomoea; Ipomoea aquatica; Ipomoea batatas; Merremia quinquefolia; Solanum tuberosum
Helcystogramma convulvuli Walsingham,,Ipomoea; Ipomoea batatas
Helcystogramma delocosma Meyrick,1850528,Micromelum pubescens
Helcystogramma engrapta Meyrick,1850609,Ipomoea batatas
Helcystogramma fuscomarginatum Ueda,11923686,Oplismenus undulatifolius
Helcystogramma hibisci Stainton,1850633,Abelmoschus; Abelmoschus esculentus; Abelmoschus moschatus; Hibiscus; Hibiscus esculentus; Hibiscus rosa-sinensis
Helcystogramma hystricella Braun,1850597,Elymus hystrix hystrix; Hystrix
Helcystogramma idiastis Meyrick,1850587,Panicum
Helcystogramma lamprostoma Zeller,1850640,Convolvulus; Convolvulus althaeoides; Convolvulus pluricaulis; Ipomoea aquatica
Helcystogramma lutatella Herrich-SchÃ¤ffer,,Agropyron repens; Calamagrostis; Calamagrostis epigejos; Calamagrostis epigejos; Triticum
Helcystogramma macroscopa Meyrick,1850630,Ipomoea batatas
Helcystogramma malacogramma Meyrick,1850621,Oryza
Helcystogramma melantherella Busck,1850585,Arachis hypogaea; Calyptocarpus vialis; Cynara scolymus; Melanthera aspera aspera; Melanthera nivea; Xanthium strumarium; Xanthium strumarium canadense
Helcystogramma melissia Walsingham,1850567,Ipomoea; Ipomoea batatas
Helcystogramma nr. lamprostoma Zeller,,Ipomoea batatas
Helcystogramma nr. malacogramma Meyrick,,Oryza sativa
Helcystogramma nr. musicopa Meyrick,,Eupatorium
Helcystogramma philomusa Meyrick,1850565,Vernonia cinerea
Helcystogramma rufescens Haworth,1850538,Arrhenatherum; Poa
Helcystogramma sp.,,Calamus castaneus
Helcystogramma tegulella Walsingham,1850634,Ipomoea tiliacea; Mikania micrantha
Helcystogramma triannulella Herrich-SchÃ¤ffer,,Calystegia pubescens; Calystegia sepium; Convolvulus arvensis; Ipomoea batatas
Heliangara,,Sonneratia alba
Heliangara macaritis Meyrick,,Jatropha curcas
Holophysis emblemella Clemens,1846351,Aesculus
Holophysis stagmatophoria Walsingham,1846356,Gossypium; Ricinus communis; Sorghum
Hypatima,,Acacia nilotica; Anacardium occidentale; Dimocarpus longan; Sonneratia alba; Tamarix dioica
Hypatima anthotypa Meyrick,1851528,Derris elliptica; Glochidion
Hypatima arignota Meyrick,1851593,Nephelium lappaceum
Hypatima ephippiastis Meyrick,1851508,Tamarindus indica
Hypatima excellentella Ponomarenko,6133381,Quercus mongolica
Hypatima haligramma Meyrick,1851562,Anacardium occidentale; Dendrophthoe glabrescens; Mangifera indica
Hypatima mangiferae Sattler,1851604,Mangifera indica
Hypatima melanocharis Meyrick,1851578,Acacia tomentosa
Hypatima melanoplecta Meyrick,1851568,Anacardium occidentale; Dendrophthoe glabrescens; Mangifera indica
Hypatima nr. tephroplintha Meyrick,,Dimocarpus longan; Lansium domesticum; Mangifera indica
Hypatima phacelota Meyrick,1851510,Mallotus philippensis
Hypatima rhicnota Meyrick,1851565,Dendrophthoe glabrescens; Mangifera indica
Hypatima rhomboidella Linnaeus,1851555,Alnus; Betula; Carpinus betulus; Corylus; Corylus avellana; Populus
Hypatima scopulosa Meyrick,1851509,Eugenia densiflora; Planchonia careya
Hypatima sp.,,Melaleuca quinquenervia
Hypatima sp. 1,,Quercus acutissima; Quercus serrata; Quercus variabilis
Hypatima sp. 2,,Dimocarpus longan; Quercus variabilis
Hypatima sp. 3,,Quercus acutissima; Quercus serrata; Quercus variabilis
Hypatima sp. 4,,Castanea crenata; Quercus variabilis
Hypatima spathota Meyrick,,Lannea coromandelica; Mangifera indica; Melia azedarach; Spondias pinnata
Hypatima stictocosma Meyrick,,Desmodium gangeticum
Hypatima taphronoma Meyrick,,Cajanus cajan
Hypatima tephroplintha Meyrick,,Dimocarpus longan
Hypatima tricosma Meyrick,1851569,Dryobalanops aromatica
Hypatima venefica Ponomarenko,11607774,Quercus mongolica
Hypelictis albiscripta Meyrick,12110781,Salix
Idiophantis,,Eugenia
Idiophantis acanthopa Meyrick,1850864,Eugenia cumini; Syzygium cumini
Idiophantis chiridota Meyrick,1850844,Durio; Eugenia; Eugenia jambos; Eugenia malaccensis
Idiophantis discura Meyrick,1850845,Eugenia cumini; Eugenia polyantha
Idiophantis eugeniae Bradley,1850859,Eugenia
Idiophantis nr. eugeniae Bradley,,Eugenia
Isophrictis anthemidella Wocke,1847566,Anthemis
Isophrictis cerdanica Nel,4528260,Santolina chamaecyparissus
Isophrictis lineatellus Zeller,1847546,Santolina; Santolina chamaecyparissus
Isophrictis rudbeckiella Bottimer,1847555,Rudbeckia
Isophrictis similiella Chambers,1847568,Artemisia; Helianthus; Helianthus annuus; Rudbeckia; Rudbeckia hirta; Solanum carolinense; Solidago
Isophrictis striatella Denis & Schiff.,,Achillea ptarmica; Tanacetum; Tanacetum vulgare
Istrianis,,Quercus
Istrianis crauropa Meyrick,1849036,Butea monosperma
Istrianis squamodorella Amsel,1849023,Populus euphratica
Istrianis steganotricha Meyrick,1849030,Desmodium
Iwaruna biguttella Duponchel,1852195,Bituminaria bituminosa; Medicago sativa
Keiferia colombiana Povolny,1852353,Solanum muricatum; Solanum quitoense; Solanum saponaceum
Keiferia lycopersicella Walsingham,1852347,Capsicum annuum; Gossypium; Lycopersicon; Lycopersicon esculentum; Lycopersicon hirsutum; Nicotiana; Solanum americanum; Solanum melongena; Solanum nigrum; Solanum torvum; Solanum tuberosum; Solanum umbelliferum; Solanum xanti
Kertomesis anaphracta Meyrick,1845738,Shorea robusta
Laris argobathra Meyrick,,Quercus cerris
Macrenches clerica Rosenstock,1850764,Acacia
Megacraspedus calamogonus Meyrick,,Chionochloa; Stipa conspicuum
Megacraspedus dolosellus Zeller,,Avena sativa
Megacraspedus peyerimhoffi le Cerf,,Stipa tenacissima
Megalocypha melongenae Povolny & Brad.,,Solanum melongena
Megalocypha microcasis Meyrick,,Solanum melongena
Merimnetria compsodelta Meyrick,1847900,Hedyotis acuminata
Merimnetria elegantior Walsingham,1847893,Gouldia macrocarpa; Hedyotis terminalis
Merimnetria flaviterminella Walsingham,1847905,Hedyotis
Merimnetria gratula Meyrick,1847902,Psychotria kaduana
Merimnetria homoxyla Meyrick,1847906,Gouldia coriacea; Hedyotis terminalis
Merimnetria ichthyochroa Walsingham,1847895,Gouldia macrocarpa
Merimnetria mendax Walsingham,1847897,Gouldia
Merimnetria multiformis Meyrick,1847903,Gouldia coriacea; Hedyotis terminalis
Merimnetria nigriciliella Walsingham,1847908,Gouldia macrocarpa
Merimnetria straussiella Swezey,1847904,Psychotria kaduana; Psychotria mariniana
Merimnetria thurifica Meyrick,1847909,Hedyotis acuminata
Merimnetria xylospila Meyrick,,Gouldia coriacea; Hedyotis terminalis
Mesophleps,,Acacia cowleana; Acacia farnesiana; Acacia tortilis; Cajanus cajan
Mesophleps corsicella Herrich-SchÃ¤ffer,,Cistus; Helianthemum
Mesophleps crocina Meyrick,1850828,Acacia
Mesophleps epiochra Meyrick,1850830,Cassia; Crotalaria; Crotalaria pallida obovata; Paraserianthes falcataria; Sophora tomentosa; Vigna unguiculata
Mesophleps oxycedrella MilliÃƒÂ¨re,1850822,Juniperus; Juniperus excelsa; Juniperus oxycedrus
Mesophleps palpigera Walsingham,1850810,Albizia; Bauhinia; Cajanus; Cajanus cajan; Cassia; Coffea; Coffea arabica; Coffea excelsa; Coffea liberica; Crotalaria; Crotalaria saltiana; Glycine; Glycine max; Indigofera; Lablab purpureus; Leucaena; Senna corymbosa; Senna obtusifolia; Shorea robusta; Sophora tomentosa; Tephrosia; Tephrosia candida; Tephrosia hookeriana; Tephrosia toxicaria
Mesophleps silacella Hubner,1850827,Helianthemum nummularium; Tuberaria lignosa
Mesophleps trinotella Herrich-SchÃ¤ffer,,Erysimum cheiri
Meteoristis religiosa Meyrick,1847981,Ficus benghalensis; Ficus religiosa
Metzneria aestivella Zeller,1848847,Carlina
Metzneria aprilella Herrich-SchÃ¤ffer,,Centaurea scabiosa
Metzneria carlinella Stainton,1848904,Carlina vulgaris
Metzneria dichroa Walsingham,1848898,Carlina salicifolia
Metzneria eatoni Walsingham,1848883,Atractylis; Carthamus; Onopordum
Metzneria lappella Linnaeus,1848864,Arctium; Arctium lappa; Arctium minus; Arctium tomentosum
Metzneria littorella Douglas,1848911,Plantago coronopus
Metzneria metzneriella Stainton,1848868,Centaurea nigra; Serratula tinctoria
Metzneria monochroa Walsingham,1848908,Cynara cardunculus
Metzneria neuropterella Zeller,1848892,Centaurea; Cirsium acaule
Metzneria paucipunctella Zeller,1848861,Anthemis tinctoria; Centaurea biebersteinii; Centaurea stoebe; Staehelina
Metzneria talassica Piskunov,1848869,Juniperus seravschanica
Metzneria tenuiella Mann,1848858,Asteriscus maritimus
Mirificarma cabezella ChrÃ©tien,,Adenocarpus hispanicus
Mirificarma cytisella Treitschke,1852139,Calicotome spinosa; Calycotome; Cytisus nigricans; Genista; Laburnum anagyroides; Ononis spinosa
Mirificarma denotata Pitkin,1852141,Erophaca baetica
Mirificarma eburnella Denis & Schiff.,,Hippocrepis comosa; Medicago lupulina; Medicago polymorpha; Medicago sativa; Trifolium; Trifolium hirtum; Trifolium repens; Vicia americana
Mirificarma flavella Duponchel,1852157,Lotus corniculatus; Trifolium campestre (); Trifolium dubium ; Trifolium pratense
Mirificarma interrupta Haworth,1852159,Cytisus balansae; Cytisus scoparius; Genista germanica; Genista pilosa; Genista sagittalis; Genista tinctoria
Mirificarma lentiginosella Zeller,1852136,Genista anglica; Genista germanica; Genista sagittalis; Genista tinctoria; Laburnum anagyroides
Mirificarma maculatella Hubner,1852147,Coronilla emerus; Coronilla varia
Mirificarma mulinella Zeller,1852150,Calicotome spinosa; Cytisus; Cytisus nigricans; Cytisus scoparius; Genista germanica; Genista tinctoria; Lupinus; Lupinus arboreus; Ulex; Ulex europaeus
Mirificarma ocellinella ChrÃ©tien,,Retama raetam
Mirificarma ulicinella Staudinger,1852146,Ulex parviflorus; Ulex provincialis
Mometa anthophthora Meyrick,1848036,Dombeya bagshawei; Dombeya emarginata
Mometa chlidanopa Meyrick,1848041,Hibiscus
Mometa cunctatrix Meyrick,,Gossypium; Hibiscus calyphyllus; Hibiscus diversifolius; Hibiscus lunariifolius
Mometa erebodoxa Meyrick,1848040,Gossypium; Hibiscus; Hibiscus diversifolius
Mometa zemiodes Durrant,1848037,Acanthus arboreus; Azanza garckeana; Gossypium; Thespesia
Monochroa absconditella Walker,1846651,Ampelopsis; Fragaria; Parthenocissus quinquefolia quinquefolia; Polygonum; Polygonum punctatum punctatum
Monochroa arundinetella Stainton,1846713,Carex acutiformis
Monochroa conspersella Herrich-SchÃ¤ffer,,Lotus corniculatus; Lysimachia vulgaris
Monochroa cytisella Curtis,1846657,Pteridium; Pteridium aquilinum
Monochroa disconotella Chambers,1846658,Rubus
Monochroa divisella Douglas,1846678,Iris
Monochroa elongella Heinemann,1846645,Potentilla anserina
Monochroa fragariae Busck,1846676,Fragaria
Monochroa hornigi Staudinger,1846643,Polygonum
Monochroa ingravata Meyrick,1846731,Tamarix; Tamarix dioica; Tamarix gallica
Monochroa japonica Sakamaki,11511344,Polygonum thunbergii
Monochroa lucidella Stephens,1846715,Eleocharis palustris
Monochroa lutulentella Zeller,1846691,Filipendula vulgaris
Monochroa melagonella Constant,4528434,Rubia peregrina
Monochroa moyses Uffen,1846675,Scirpus maritimus
Monochroa nigromaculella MilliÃƒÂ¨re,1846668,Hypericum; Hypericum perforatum
Monochroa niphognatha GozmÃ¡ny,,Polygonum amphibium
Monochroa palustrella Douglas,1846683,Rumex crispus
Monochroa palustrellus Douglas,1846683,Rumex
Monochroa rebeli Hering,1846680,Rumex lunaria
Monochroa rhenanella Heydenreich,1846712,Calystegia sepium
Monochroa rumicetella Hofmann,1846696,Rumex acetosella
Monochroa scutatella MÃ¼ller-Rutz,,Rumex scutatus
Monochroa servella Zeller,1846694,Primula; Primula laurentiana
Monochroa tenebrella Hubner,1846729,Rubus; Rumex acetosella
Monochroa tetragonella Stainton,1846670,Glaux maritima
Myconita lipara Bradley,1852445,Ipomoea batatas; Merremia peltata
Myconita plutelliformis Snellen,1852444,Ipomoea aquatica; Ipomoea batatas
Nealyda bifidella Dietz,1848238,Mirabilis nyctaginea
Nealyda kinzelella Busck,1848237,Guapira obtusata
Nealyda phytolaccae Clarke,1848229,Phytolacca americana
Nealyda pisoniae Busck,1848235,Pisonia aculeata
Neofaculta ericetella Geyer,1848669,Calluna; Calluna vulgaris; Erica; Erica cinerea; Rhododendron
Neofaculta infernella Herrich-SchÃ¤ffer,,Betula; Ledum palustre; Rhododendron; Vaccinium
Neofriseria peliella Treitschke,1851203,Rumex acetosella
Neofriseria singula Staudinger,1851209,Rumex acetosella
Neotelphusa praefixa Braun,1846329,Vaccinium pallidum
Neotelphusa querciella Chambers,1846335,Quercus; Quercus alba; Quercus rubra
Nothris congressariella Bruand,1849479,Scrophularia lucida; Scrophularia scorodonia
Nothris verbascella Denis & Schiff.,,Verbascum
Nothris verbascella Hubner,1849477,Verbascum; Verbascum pulverulentum; Verbascum thapsus
Nuntia incognitella (Caradja),10464250,Quercus serrata
Oecocecis guyonella GuenÃ©e,,Limoniastrum guyonianum
Ornativalva,,Tamarix; Tamarix aphylla; Tamarix dioica
Ornativalva erubescens Walsingham,1846439,Tamarix aphylla
Ornativalva heluanensis Debski,1846393,Frankenia hirsuta; Tamarix; Tamarix aphylla; Tamarix salina; Tamarix smyrnensis
Ornativalva indica Sattler,1846416,Tamarix aphylla; Tamarix dioica; Tamarix dioica
Ornativalva macrosignella Sattler,1846420,Tamarix aphylla
Ornativalva nr. serratisignella Sattler,,Tamarix dioica
Ornativalva plutelliformis Staudinger,1846436,Tamarix; Tamarix aphylla; Tamarix dioica; Tamarix gallica; Tamarix salina; Tamarix smyrnensis
Ornativalva rufipuncta Sattler,1846412,Tamarix passerinoides
Ornativalva sesostrella Rebel,1846395,Tamarix
Ornativalva sieversi Staudinger,1846433,Tamarix
Ornativalva tamariciella Zeller,1846407,Tamarix; Tamarix dioica; Tamarix gallica; Tamarix gallica
Ornativalva zonella ChrÃ©tien,,Tamarix
Palumbina glaucitis Meyrick,5121974,Anacardium occidentale; Buchanania; Buchanania arborescens; Mangifera; Mangifera indica; Pistacia
Palumbina guerinii Stainton,9546514,Pistacia; Pistacia terebinthus; Pistacia vera
Parachronistis albiceps Zeller,1847956,Corylus; Malus pumila; Prunus; Prunus persica; Pyrus; Ulmus
Paralida balanaspis Meyrick,,Melia azedarach
Paralida triannulata Clarke,1849296,Melia japonica
Parapodia sinaica Frauenfeld,1848841,Tamarix; Tamarix gallica; Tamarix kotschyi
Pectinophora endema Common,5121980,Hibiscus
Pectinophora gossypiella Saunders,5121979,Abelmoschus esculentus; Abelmoschus moschatus; Abutilon; Abutilon megapotamicum; Abutilon pictum; Abutilon tiubae; Alcea rosea; Cassine; Cochlospermum regium; Corchorus; Corchorus olitorius; Gossypium; Gossypium arboreum; Gossypium barbadense; Gossypium herbaceum; Gossypium hirsutum; Gossypium thurberi; Gossypium tomentosum; Hibiscadelphus hualalaiensis; Hibiscus; Hibiscus bifurcatus; Hibiscus brackenridgei; Hibiscus cannabinus; Hibiscus furcellatus var. youngianus; Hibiscus rosa-sinensis; Hibiscus sabdariffa; Hibiscus tiliaceus; Medicago sativa; Montezuma speciosissima; Sida cordifolia; Thespesia danis; Thespesia lampas; Thespesia populnea; Waltheria americana
Pectinophora scutigera Holdaway,5121981,Gossypium; Hibiscus; Hibiscus tiliaceus; Thespesia populnea
Pectinophora spp.,,Gossypium
Peucoteles herpestica Meyrick,1847965,Pinus kesiya; Pinus khasya
Pexicopia malvella Hubner,1846604,Alcea; Alcea rosea; Althaea; Althaea officinalis; Gossypium
Phloeocecis cherregella ChrÃ©tien,,Fagonia; Fagonia sinaica
Phthorimaea operculella Zeller,1852118,Brugmansia arborea; Capsicum annuum; Coffea; Datura; Datura fastuosa; Datura stramonium; Eugenia cumini; Lycopersicon; Lycopersicon esculentum; Lycopersicon esculentum esculentum; Nicandra; Nicotiana; Nicotiana alata; Nicotiana glauca; Nicotiana glutinosa; Nicotiana langsdorfii; Nicotiana nudicaulis; Nicotiana paniculata; Nicotiana rustica; Nicotiana sylvestris; Nicotiana tabacum; Physalis; Physalis brasiliensis; Physalis peruviana; Physalis pruinosa; Physalis viscosa; Pimenta dioica; Solanum; Solanum capsicoides; Solanum carolinense; Solanum dulcamara; Solanum melongena; Solanum paniculatum; Solanum racemiflorum; Solanum sisymbriifolium; Solanum torvum; Solanum tuberosum; Typha latifolia; Zea mays
Physoptila pinguivora Meyrick,1847992,Planchonia valida
Physoptila scenica Meyrick,1847991,Planchonia careya
Pityocona xeropis Meyrick,1847578,Oryza sativa
Platyedra,,Gossypium
Platyedra sp.,,Acanthus arboreus; Dombeya bagshawei; Gossypium
Platyedra subcinerea Haworth,1850781,Alcea rosea; Althaea nudiflora; Althaea officinalis; Gossypium; Gossypium thurberi; Lavatera arborea; Malva sylvestris
Pogochaetia solitaria Staudinger,4528101,Lychnis; Saponaria ocymoides
Polyhymno,,Nephelium lappaceum
Polyhymno acaciella Busck,1851828,Acacia farnesiana
Polyhymno alcimacha Meyrick,1851843,Acacia catechu
Polyhymno chionarcha Meyrick,1851861,Acacia tomentosa
Polyhymno luteostrigella Chambers,1851845,Acacia farnesiana; Chamaecrista fasciculata
Polyhymno luteostrigella  Chambers,,Cassia
Prolita puertella Busck,1848942,Chenopodium
Prolita sexpunctella Fabricius,1848920,Calluna; Empetrum
Prolita solutella Zeller,1848950,Genista; Genista pilosa; Genista tinctoria
Prolita variabilis Busck,1848933,Ericameria linearifolia
Prostomeus brunneus Busck,1849298,Psidium cymosum; Psidium guajava
Psamathocrita argentella Pierce & Metc.,,Elymus pycnanthus
Psamathocrita osseella Stainton,1849096,Origanum
Pseudochelaria arbutina Keifer,1848211,Arbutus menziesii; Arctostaphylos
Pseudochelaria manzanitae Keifer,1848214,Arctostaphylos; Arctostaphylos patula
Pseudochelaria scabrella Busck,1848210,Arctostaphylos
Pseudochelaria walsinghami Dietz,1848213,Rhus; Rhus typhina
Pseudotelphusa acrobrunella Park,1850503,Quercus; Quercus mongolica; Quercus serrata
Pseudotelphusa amelanchierella Braun,1850505,Amelanchier canadensis
Pseudotelphusa belangerella Chambers,1850507,Alnus
Pseudotelphusa betulella Busck,1850508,Betula; Betula nigra
Pseudotelphusa danilevskyi Piskunov,,Pistacia vera
Pseudotelphusa fuscopunctella Clemens,1850487,Quercus
Pseudotelphusa incana Hodges,1850500,Malus; Malus pumila
Pseudotelphusa palliderosacella Chambers,1850481,Quercus
Pseudotelphusa quercinigracella Chambers,10489775,Quercus; Quercus nigra
Pseudotelphusa tessella Hubner,1850497,Berberis vulgaris
Psoricoptera gibbosella Zeller,1848150,Carpinus; Cornus controversa; Crataegus; Juglans mandshurica; Malus; Malus pumila; Padus; Quercus; Quercus acutissima; Quercus crispula; Quercus dentata; Quercus ilex; Quercus serrata; Salix; Salix rorida
Psoricoptera triorthias Meyrick,,Quercus cerris; Quercus variabilis
Ptocheuusa abnormella Herrich-SchÃ¤ffer,,Inula ensifolia
Ptocheuusa asterisci Walsingham,1848200,Asteriscus mauritanicus
Ptocheuusa inopella Zeller,1848207,Helichrysum
Ptocheuusa paupella Zeller,1848202,Centaurea nigra; Inula; Inula crithmoides; Mentha; Pulicaria
Ptycerata sp.,,Artemisia californica
Recurvaria,,Austroeupatorium inulaefolium; Mikania micrantha
Recurvaria ceanothiella Braun,1848606,Ceanothus oliganthus; Ceanothus oliganthus sorediatus; Ceanothus thyrsiflorus
Recurvaria chalybeichroa Walsingham,1848592,Acacia nilotica
Recurvaria consimilis Braun,1848591,Ceanothus americanus
Recurvaria eromene Walsingham,,Bromelia pinguin
Recurvaria francisca Keifer,1848594,Ceanothus oliganthus sorediatus; Ceanothus thyrsiflorus
Recurvaria glinax Hodges MS,11766498,Quercus agrifolia; Quercus lobata
Recurvaria leucatella Clerck,1848596,Crataegus; Cydonia oblonga; Malus; Malus pumila; Mespilus germanica; Prunus; Prunus persica; Pyrus
Recurvaria nanella Denis & Schiff.,,Carpinus betulus; Corylus; Cotoneaster horizontalis; Crataegus; Crataegus parvifolia; Cydonia oblonga; Malus; Malus pumila; Pinus; Prunus; Prunus armeniaca; Prunus avium; Prunus domestica; Prunus dulcis; Prunus mahaleb; Prunus persica; Prunus spinosa; Prunus vulgaris; Pyrus; Pyrus communis
Recurvaria ochrospila Meyrick,,Desmodium oojeinense
Recurvaria sp.,,Pinus kesiya; Pinus markusii; Quercus dumosa; Quercus vacciniifolia X chrysolepis; Quercus wislizeni
Rifseria fuscotaeniella Chambers,10885351,Anaphalis margaritacea; Gnaphalium
Schistonoea fulvidella Walsingham,1847890,Bromelia pinguin
Schneidereria pistaciella Weber,4527938,Pistacia; Pistacia vera
Schneidereria pistaciicola Danilevsky,1851657,Pistacia; Pistacia vera
Schneidereria platyphracta Meyrick,1851655,Lannea coromandelica
Sclerocecis pulverosella ChrÃ©tien,,Limoniastrum guyonianum
Scodes deflecta Busck,1850766,Cienfuegosia thespesioides; Gossypium thurberi
Scrobipalpa acuminatella Sircom,1849945,Carduus; Centaurea; Cirsium
Scrobipalpa artemisiella Treitschke,1849966,Thymus; Thymus praecox
Scrobipalpa atriplex Busck,1849867,Atriplex canescens
Scrobipalpa atriplicella Fischer v. RÃ¶sl.,,Aster; Atriplex; Beta vulgaris; Chenopodium; Chenopodium album; Chenopodium murale; Chenopodium quinoa; Sarcobatus vermiculatus
Scrobipalpa blapsigona Meyrick,1849913,Solanum melongena
Scrobipalpa brahmiella Heyden,4528213,Jurinea
Scrobipalpa chrysanthemella Hofmann,1849739,Leucanthemum vulgare
Scrobipalpa clintoni Povolny,1849717,Rumex crispus
Scrobipalpa costella Westwood,1849897,Solanum dulcamara
Scrobipalpa disjectella Staudinger,1849761,Artemisia barrelieri; Artemisia campestris
Scrobipalpa ergasima Meyrick,1849690,Lycopersicon esculentum; Solanum; Solanum erianthum; Solanum incanum; Solanum melongena; Solanum torvum
Scrobipalpa gallicella Constant,1849782,Artemisia caerulescens gallica
Scrobipalpa gallincolella Mann,,Tamarix
Scrobipalpa gecko Walsingham,1849977,Anabasis articulata
Scrobipalpa halonella Herrich-SchÃ¤ffer,,Artemisia absinthium
Scrobipalpa halymella MilliÃƒÂ¨re,1849756,Atriplex halimus
Scrobipalpa heliopa Lower,1849695,Datura; Nicotiana; Nicotiana rustica; Nicotiana tabacum; Solanum; Solanum dubium; Solanum melongena
Scrobipalpa hyoscyamella Stainton,1849911,Hyoscyamus albus; Hyoscyamus muticus
Scrobipalpa incola Meyrick,1849873,Solanum; Solanum melongena
Scrobipalpa instabilella Douglas,1849815,Atriplex vestita appendiculata; Halimione
Scrobipalpa lyciella Walsingham,,Lycium ferocissimum
Scrobipalpa marina Meyrick,,Stackhousia spathulata
Scrobipalpa mongoloides Povolny,1849878,Halogeton glomeratus
Scrobipalpa monochromella Constant,1849855,Limonium vulgare
Scrobipalpa montanella ChrÃ©tien,,Anthyllis montana
Scrobipalpa monumentella Chambers,1849817,Frankenia salina
Scrobipalpa murinella Duponchel,1849806,Antennaria dioica
Scrobipalpa nitentella Fuchs,1849742,Atriplex nitens; Chenopodium; Suaeda maritima
Scrobipalpa obsoletella Fischer v. RÃ¶sl.,,Atriplex; Chenopodium; Chenopodium murale
Scrobipalpa ocellatella Boyd,1849924,Beta vulgaris; Beta vulgaris maritima; Camphorosma monspeliaca
Scrobipalpa ochraceella ChrÃ©tien,,Echinops spinosus
Scrobipalpa omachella ChrÃ©tien,,Salicornia fruticosa
Scrobipalpa pauperella Heinemann,1849959,Centaurea; Cirsium
Scrobipalpa phagnalella Constant,1849871,Phagnalon saxatile
Scrobipalpa plantaginella Stainton,1849710,Plantago coronopus; Plantago maritima
Scrobipalpa salinella Zeller,1849795,Aster; Aster tripolium; Salicornia; Spergularia; Spergularia azorica; Suaeda
Scrobipalpa salsolella Amsel,,Salsola orientalis
Scrobipalpa samadensis Pfaffenzeller,1849758,Plantago coronopus; Plantago maritima
Scrobipalpa scutellariaeella Chambers,1849976,Scutellaria; Scutellaria lateriflora
Scrobipalpa sp. A,,Artemisia douglasiana
Scrobipalpa sp. B,,Solidago canadensis
Scrobipalpa stangei Hering,1849779,Triglochin
Scrobipalpa suaedella Richardson,1849755,Suaeda vera
Scrobipalpa suaedivorella ChrÃ©tien,,Suaeda
Scrobipalpa suasella Constant,1849960,Staehelina dubia
Scrobipalpa traganella ChrÃ©tien,,Bassia; Salsola; Traganum
Scrobipalpa voltinella ChrÃ©tien,,Tanacetum corymbosum
Scrobipalpa xerophylla Meyrick,,Atriplex nummularia
Scrobipalpopsis petasitis Pfaffenzeller,1846477,Petasites paradoxus
Scrobipalpopsis solanivora Povolny,4528081,Solanum tuberosum
Scrobipalpopsis tetradymiella Busck,10101635,Tetradymia canescens
Scrobipalpula absoluta Meyrick,,Datura stramonium; Lycopersicon; Lycopersicon esculentum; Nicotiana; Saccharum officinarum; Solanum gracilius; Solanum melongena; Solanum tuberosum
Scrobipalpula artemisiella Kearfott,1848836,Artemisia; Artemisia campestris borealis; Chenopodium album; Helianthus; Helianthus annuus; Solidago
Scrobipalpula daturae Zeller,1848806,Datura
Scrobipalpula erigeronella Braun,1848787,Erigeron speciosus
Scrobipalpula ilyella Zeller,11896737,Nicotiana
Scrobipalpula isochlora Meyrick,1848811,Solanum quitoense; Solanum saponaceum
Scrobipalpula lutescella Clarke,1848804,Castilleja; Castilleja lutescens
Scrobipalpula polemoniella Braun,1848834,Polemonium reptans
Scrobipalpula potentella Keifer,1848823,Horkelia californica
Scrobipalpula psilella-group sp. A,,Anaphalis margaritacea; Gnaphalium; Pseudognaphalium stramineum
Scrobipalpula psilella-group sp. B,,Heterotheca sessiliflora bolanderi
Scrobipalpula psilella Herrich-SchÃ¤ffer,,Artemisia campestris; Artemisia maritima; Helichrysum
Scrobipalpula sacculicola Braun,1848797,Solidago
Scrobipalpula tussilaginis Frey,1848766,Tussilago farfara
Semnostoma barathrota Meyrick,1849522,Lagerstroemia speciosa; Syzygium cumini
Semophylax apicepuncta Busck,1848249,Bombax ceiba; Ceiba pentandra; Ceiba thonningii
Sinoe robiniella Fitch,1847868,Amorpha fruticosa; Robinia; Robinia pseudoacacia
Sinoe sp.,,Quercus coccinea/rubra
Sitotroga cerealella Olivier,1849209,Avena sativa; Cajanus; Oryza sativa; Pennisetum; Pennisetum glaucum; Secale cereale; Sorghum; Sorghum bicolor; Sorghum bicolor arundinaceum; Sorghum bicolor bicolor; Triticum; Triticum aestivum; Zea; Zea mays
Sophronia,,Tamarix dioica
Sophronia chilonella Treitschke,1849998,Artemisia; Gnaphalium
Sophronia grandii Hering,1849993,Triticum
Sophronia humerella Denis & Schiff.,,Artemisia campestris; Lavandula
Sophronia santolinae Staudinger,1849988,Santolina chamaecyparissus; Santolina rosmarinifolia
Sophronia semicostella Hubner,1850008,Anthoxanthum odoratum
Sophronia sicariella Zeller,7731643,Artemisia campestris
Stegasta bosqueella Chambers,1846849,Ananas comosus; Arachis hypogaea; Cassia ferruginea; Chamaecrista fasciculata; Dalea pinnata; Senna corymbosa; Stylosanthes; Zornia
Stegasta bosquella costipunctella MÃ¶schler,,Cassia
Stegasta capitella Fabricius,1846860,Arachis hypogaea
Stegasta variana Meyrick,1846858,Arachis hypogaea; Bertholletia excelsa; Cassia; Cassia fistula; Chamaecrista mimosoides; Jasminum; Mimosa pudica; Senna obtusifolia; Shorea robusta
Stenolechia bathrodyas Meyrick,1852417,Cupressus; Juniperus
Stenolechia gemmella Linnaeus,1852430,Quercus
Stenolechia kodamai Okada,1852425,Quercus variabilis
Stenolechia notomochla Meyrick,1852421,Dendrophthoe glabrescens; Quercus acutissima
Stenolechia trichaspis Meyrick,,Picea abies
Stenovalva disclusa Meyrick,5122032,Rhus
Stereomita andropogonis Braun,1850690,Andropogon; Schizachyrium scoparium
Sterrhostoma heterogastra Meyrick,1850757,Limonia elephantum
Stomopteryx adenocarpella Hering,,Adenocarpus viscosus
Stomopteryx deverrae Walsingham,1849558,Pituranthos scoparius
Stomopteryx isoscelixantha Lower,,Echium; Heliotropium
Stomopteryx linella ChrÃ©tien,,Linum campanulatum; Linum narbonense
Stomopteryx nigricella ChrÃ©tien,,Medicago sativa
Stomopteryx schizogynae Walsingham,1849561,Schizogyne obtusifolia
Stomopteryx simplexella Walker,,Glycine; Glycine max; Psoralea; Trifolium
Stomopteryx sphenodoxa Meyrick,,Crotalaria
Symmetrischema borsaniella KÃ¶hler,,Capsicum annuum
Symmetrischema capsica Bradley & Pov.,,Capsicum; Capsicum annuum
Symmetrischema capsicivorum Povolny,1850159,Capsicum annuum
Symmetrischema dulce Povolny,1850163,Capsicum; Capsicum annuum frutescens
Symmetrischema kendallorum Blanchard & Knu.,,Physalis virginiana
Symmetrischema lavernella Chambers,1850146,Physalis; Physalis viscosa
Symmetrischema striatella Murtfeldt,1850184,Solanum; Solanum americanum; Solanum douglasii; Solanum furcatum; Solanum nigrum; Solanum torvum
Symmetrischema tangolias Gyen,1850156,Capsicum; Capsicum annuum; Lycopersicon; Lycopersicon esculentum; Solanum; Solanum muricatum; Solanum nigrum; Solanum tuberosum
Symmoca rosmarinella Walsingham,1845886,Rosmarinus officinalis
Symmoca signatella Herrich-SchÃ¤ffer,,Ulmus
Syncopacma,,Carthamus tinctorius
Syncopacma acanthyllidis Walsingham,5121935,Anthyllis tragacanthoides; Argyrolobium
Syncopacma adversa Braun,5121956,Orbexilum onobrychis
Syncopacma albipalpella Herrich-SchÃ¤ffer,,Genista anglica
Syncopacma captivella Herrich-SchÃ¤ffer,,Cytisus scoparius
Syncopacma cinctella Clerck,5121941,Genista; Lotus
Syncopacma coronillella Treitschke,,Coronilla
Syncopacma crotalariella Busck,,Crotalaria pumila
Syncopacma genistae Walsingham,5121950,Genista canariensis
Syncopacma larseniella GozmÃ¡ny,,Lotus pedunculatus
Syncopacma metadesma Meyrick,,Lupinus chamissonis
Syncopacma nigrella Chambers,,Lupinus; Lupinus albifrons; Lupinus chamissonis; Lupinus versicolor
Syncopacma palpilineella Chambers,,Coronilla varia; Trifolium; Trifolium pratense
Syncopacma sangiella Stainton,5121955,Lotus; Lotus corniculatus
Syncopacma suecicella Wolff,5121930,Genista pilosa
Syncopacma taeniolella Zeller,5121915,Lotus; Lotus corniculatus; Medicago; Trifolium
Syncopacma thaumalea Walsingham,8902993,Astragalus gombo; Lotus sessilifolius
Syncopacma vinella Bankes,5121933,Coronilla varia; Genista tinctoria
Syrmadaula automorpha Meyrick,,Elaeis guineensis
Taygete eromene Walsingham,1846481,Bromelia pinguin
Taygete gallaegenitella Clemens,1846493,Quercus
Taygete parvella Fabricius,1846485,Ananas comosus
Tecia mendozella Kieffer & JÃ¶rg.,,Baccharis serrulata
Teleiodes,,Tamarix dioica; Tamarix gallica
Teleiodes alburnella Zeller,11023645,Betula
Teleiodes cisti Stainton,1850240,Cistus albidus; Cistus salviifolius
Teleiodes decorella Haworth,9529245,Cornus; Pistacia; Quercus; Quercus ilex
Teleiodes fugitivella Zeller,10900900,Ulmus
Teleiodes luculella Hubner,1850246,Quercus; Quercus robur
Teleiodes myricariella Frey,10934660,Myricaria germanica; Tamarix; Tamarix aphylla; Tamarix aphylla
Teleiodes notatella Hubner,11021373,Salix; Salix caprea
Teleiodes nr. myricariella Frey,,Tamarix aphylla
Teleiodes paripunctella Thunberg,11090173,Myrica; Quercus; Quercus variabilis
Teleiodes proximella Hubner,10927977,Alnus glutinosa; Betula
Teleiodes saltuum Zeller,1850265,Larix
Teleiodes sequax Haworth,1850267,Helianthemum; Helianthemum canum; Helianthemum nummularium
Teleiodes sp. 1,,Quercus acutissima; Quercus serrata; Quercus variabilis
Teleiodes sp. 2,,Quercus acutissima; Quercus serrata; Quercus variabilis
Teleiodes sp. 3,,Quercus acutissima; Quercus serrata; Quercus variabilis
Teleiodes sp. 4,,Quercus acutissima
Teleiodes thomeriella ChrÃ©tien,,Prunus spinosa
Teleiodes vulgella Hubner,1850238,Cotoneaster horizontalis; Crataegus; Juniperus; Prunus; Prunus spinosa
Teleiodes wagae Nowicki,1850256,Betula; Corylus
Teleiopsis brevivalva Pitkin,1849642,Juglans regia
Teleiopsis diffinis Haworth,1849630,Rumex acetosella
Teleiopsis lunariella Walsingham,1849638,Rumex lunaria
Teleiopsis terebinthinella Herrich-SchÃ¤ffer,,Pistacia; Pistacia terebinthus
Telephila schmidtiellus Heyden,1846302,Origanum
Telphusa,,Duabanga moluccana; Durio zibethinus
Telphusa atomatma Meyrick,5121889,Tamarix dioica
Telphusa brucinella Mann,,Tamarix; Tamarix aphylla
Telphusa chloroderces Meyrick,5121906,Prunus persica
Telphusa cistiflorella Constant,5121894,Cistus albidus
Telphusa euryzeucta Meyrick,5121899,Prunus persica
Telphusa improvida Meyrick,5121890,Lannea coromandelica
Telphusa inferialis Meyrick,12106138,Shorea robusta
Telphusa latifasciella Chambers,5121858,Quercus; Quercus coccinea/rubra; Vaccinium
Telphusa longifasciella Clemens,5121847,Rhus typhina
Telphusa melanozona Meyrick,5121907,Euphorbia neriifolia; Euphorbia nivulia
Telphusa modesta Danilevsky,,Pistacia; Pistacia vera
Telphusa necromantis Meyrick,5121842,Quercus acutissima; Quercus serrata; Quercus variabilis
Telphusa pistaciae Sattler,5121896,Pistacia; Pistacia vera
Telphusa quercicola Park,5121872,Quercus acutissima
Telphusa sarcochroma Walsingham,5121887,Rhus dioica
Telphusa sedulitella Busck,5121885,Ceanothus; Corylus; Lithocarpus densiflorus; Quercus agrifolia; Quercus chrysolepis; Quercus douglasii; Quercus dumosa; Quercus garryana; Quercus kelloggii; Quercus lobata; Quercus turbinella; Quercus wislizeni; Salix
Telphusa sp.,,Myrica californica; Quercus bicolor
Telphusa sp. 1,,Quercus acutissima; Quercus serrata; Quercus variabilis
Telphusa tetragrapta Meyrick,5121839,Quercus incana
Telphusa xyloptera Meyrick,5121863,Polygonum
Theisoa constrictella Zeller,1850673,Ulmus; Ulmus americana; Ulmus thomasii
Theisoa pallidochrella Chambers,1850674,Gleditsia
Thiotricha coleella Constant,1852264,Phillyrea angustifolia
Thiotricha godmani Walsingham,1852304,Mangifera indica
Thiotricha nr. scioplecta Meyrick,,Terminalia catappa
Thiotricha nr. tethela Bradley,,Terminalia calamansanai
Thiotricha oleariae Hudson,1852234,Olearia solandri
Thiotricha parthenica Meyrick,1852248,Grevillea speciosa
Thiotricha sp. 1,,Lumnitzera racemosa
Thiotricha sp. 2,,Pemphis acidula
Thiotricha subocellea Stephens,1852311,Mentha aquatica; Origanum
Thiotricha syncentritis Meyrick,1852254,Terminalia javanica
Thiotricha tetraphala Meyrick,1852288,Leptospermum scoparium
Thiotricha thorybodes Meyrick,1852279,Muehlenbeckia
Thiotricha trapezoidella (Caradja),1852270,Platycarya strobilacea
Thiotricha tylephora (Meyrick),1852252,Platycarya strobilacea
Thyrsostoma pylartis Meyrick,6133385,Quercus myrsinifolia
Tila capsophilella ChrÃ©tien,,Gypsophila repens
Tildenia altisolani Keifer,,Solanum xanti
Tildenia georgei Hodges,5121998,Physalis heterophylla
Tildenia glochinella Zeller,,Lycopersicon; Solanum; Solanum carolinense; Solanum melongena; Solanum tuberosum
Tildenia gudmannella Walsingham,,Capsicum; Capsicum annuum; Capsicum frutescens; Solanum
Tildenia inconspicuella Murtfeldt,,Solanum carolinense
Tosca plutonella Heinrich,1846279,Prunus
Trichotaphe sp.,,Coffea; Inga vera
Trypanisma prudens Clemens,1851318,Fagus; Quercus; Quercus velutina
Tuta atriplicella Kieffer & JÃ¶rg.,,Atriplex lampa
Vladimirea zygophyllivorella Kuznetsov,1848168,Zygophyllum atriplicoides; Zygophyllum gontscharovii
Xenolechia aethiops Humphreys & Wstw,1849492,Erica; Erica cinerea
Xenolechia querciphaga Keifer,1849490,Quercus; Quercus douglasii; Quercus dumosa; Quercus garryana; Quercus kelloggii; Quercus turbinella; Quercus wislizeni
Xenolechia quinquecristatella Chambers,,Vaccinium
Xenolechia sp.,,Quercus coccinea/rubra; Salix
Xenolechia staspa Hodges MS,,Quercus agrifolia; Quercus dumosa; Quercus garryana; Quercus lobata; Quercus wislizeni
Xystophora carchariella Zeller,1851620,Vicia cassubica; Vicia pisiformis
Xystophora psammitella Snellen,1851619,Lespedeza; Lespedeza bicolor
Xystophora pulveratella Herrich-SchÃ¤ffer,,Coronilla; Coronilla varia; Lotus; Medicago
Zizyphia cleodorella ChrÃ©tien,,Prunus persica; Ziziphus
Zizyphia zizyphella Amsel,1849509,Ziziphus spina-christi; Acer tataricum ginnala; Baccharis macrantha; Baccharis nebularis; Brassica oleracea; Castilleja affinis; Cerastium pauciflorum; Chamaecrista nictitans subsp. nictitans; Coffea quillou - delete; Cullen corylifolium; Daemonorops angustifolia; Eriophyes - delete; Gouldia terminalis var. macrocarpa; Halothamnus glaucus; Juglans ailantifolia; Lepisanthes rubiginosa; Lessingia filaginifolia var. californica; Lupinus sericeus subsp. sericeus; Manilkara capensis - delete; Mikania trinitaria; Plantago neumannii; Polistes (Z) annularis - delete; Polistes (Z) canadensis - delete; Sapindus mukorossi; Tamarix androssowii; (blank)
